paper_id,citation,year,title,venue,venue_type,pillar,paper_type,algorithm_or_model,role_in_thesis,problem,proposed_solution,claim,dataset_testbed,abstract
arxiv-2506.06130,Borsani et al. (2025),2025,Gradient Similarity Surgery in Multi-Task Deep Learning,Proceedings of the European Conference on Machine Learning and Principles and Practice of Knowledge Discovery in Databases (ECML PKDD 2025),conference,Multi-Task Optimization,experimental,Similarity-Aware Momentum Gradient Surgery (SAM-GS),Advances gradient surgery through SAM-GS by utilizing gradient magnitude similarity to equalize conflicting gradients and regulate first-order momentum during joint optimization.,"In multi-task deep learning, task gradients can conflict in direction or magnitude, and simple averaging lets dominant gradients steer updates, which degrades convergence of the task losses.","The authors propose SAM-GS, a gradient surgery optimiser that measures task gradient magnitude similarity to trigger gradient equalisation on conflict and to modulate the first-order momentum otherwise.",SAM-GS outperforms previous multi-task optimisation methods on two synthetic problems and achieves the best mean ranking and improvement score on NYU-v2 while remaining competitive on other benchmarks.,"Two-task synthetic 2D optimisation problem with one global optimum, Novel two-task synthetic 2D optimisation problem with two global optima, CelebA (40 binary facial attribute classification tasks with a CNN), NYU-v2 (depth estimation, semantic segmentation, and surface normal prediction with MTAN), CityScapes (depth estimation and semantic segmentation with MTAN), MetaWorld MT10 multi-task reinforcement learning benchmark (10 robot manipulation tasks with Soft Actor-Critic)","The multi-task learning (MTL) paradigm aims to simultaneously learn multiple tasks within a single model capturing higher-level, more general hidden patterns that are shared by the tasks. In deep learning, a significant challenge in the backpropagation training process is the design of advanced optimisers to improve the convergence speed and stability of the gradient descent learning rule. In particular, in multi-task deep learning (MTDL) the multitude of tasks may generate potentially conflicting gradients that would hinder the concurrent convergence of the diverse loss functions. This challenge arises when the gradients of the task objectives have either different magnitudes or opposite directions, causing one or a few to dominate or to interfere with each other, thus degrading the training process. Gradient surgery methods address the problem explicitly dealing with conflicting gradients by adjusting the overall gradient trajectory. This work introduces a novel gradient surgery method, the Similarity-Aware Momentum Gradient Surgery (SAM-GS), which provides an effective and scalable approach based on a gradient magnitude similarity measure to guide the optimisation process. The SAM-GS surgery adopts gradient equalisation and modulation of the first-order momentum. A series of experimental tests have shown the effectiveness of SAM-GS on synthetic problems and MTL benchmarks. Gradient magnitude similarity plays a crucial role in regularising gradient aggregation in MTDL for the optimisation of the learning process. Code is available at https://unibzmlgroup.github.io/SAMGS/"
arxiv-2505.10347,Gama and Grassi Jr (2025),2025,Uniform Loss vs. Specialized Optimization: A Comparative Analysis in Multi-Task Learning,arXiv,preprint,Multi-Task Optimization,experimental,"Evaluation of 16 SMTOs, including Nash-MTL, CAGrad, IMTL, and FAMO, against uniform loss (Unitary Scalarization)",Provides a systematic evaluation showing that specialized optimizers surpass uniform weighting primarily on complex task configurations where severe gradient magnitude disparities occur.,Recent critiques question whether specialized multi-task optimizers outperform uniform loss because previous comparisons lacked standardized evaluation and sufficient hyperparameter tuning.,The authors evaluate sixteen specialized multi-task optimizers against tuned uniform loss baselines across multiple datasets with increasing multi-task balancing complexity.,"SMTOs clearly outperform uniform loss once multi-task problems become complex enough, although well-chosen fixed weights can still match them.","Multi-MNIST, Cityscapes, QM9, AMD Ryzen 9 5950X CPU with two NVIDIA RTX 3090 GPUs","Specialized Multi-Task Optimizers (SMTOs) balance task learning in Multi-Task Learning by addressing issues like conflicting gradients and differing gradient norms, which hinder equal-weighted task training. However, recent critiques suggest that equally weighted tasks can achieve competitive results compared to SMTOs, arguing that previous SMTO results were influenced by poor hyperparameter optimization and lack of regularization. In this work, we evaluate these claims through an extensive empirical evaluation of SMTOs, including some of the latest methods, on more complex multi-task problems to clarify this behavior. More specifically, we start our analysis by evaluating all SMTOs on a simple MNIST problem to identify the promising optimizers and assess them further on progressively more complex multi-task problems. Our findings indicate that SMTOs perform well compared to uniform loss and that fixed weights can achieve competitive performance compared to SMTOs. Furthermore, we demonstrate why uniform loss performs similarly to SMTOs in some instances. The source code is available at [https://github.com/Gabriel-SGama/UnitScal\_vs\_SMTOs](https://github.com/Gabriel-SGama/UnitScal_vs_SMTOs """")."
arxiv-2311.04698,Elich et al. (2024),2024,Examining Common Paradigms in Multi-Task Learning,46th German Conference for Pattern Recognition (GCPR 2024),conference,Multi-Task Optimization,experimental,Adam optimizer,Reveals that optimizer selection often dominates weighting methods and demonstrates that within-task sample gradient conflicts occur as frequently as cross-task conflicts.,Multi-task learning methods often fail to beat single-task baselines because researchers neglect optimizer choice and assume gradient conflicts are unique to multi-task learning.,"The authors evaluate optimizers across multi-task benchmarks, derive loss-scale invariance for Adam and uncertainty weighting, and compare inter-task gradient conflicts with inter-sample conflicts.","The optimizer choice often matters more than the multi-task method, and differences in gradient magnitude rather than gradient alignment distinguish multi-task learning from single-task learning.","Cityscapes, NYUv2, CelebA, SegNet, DeepLabV3+, ResNet-18, synthetic two-task toy regression problem, corrupted Cityscapes, corrupted NYUv2, Bosch GPU clusters","While multi-task learning (MTL) has gained significant attention in recent years, its underlying mechanisms remain poorly understood. Recent methods did not yield consistent performance improvements over single task learning (STL) baselines, underscoring the importance of gaining more profound insights about challenges specific to MTL. In our study, we investigate paradigms in MTL in the context of STL: First, the impact of the choice of optimizer has only been mildly investigated in MTL. We show the pivotal role of common STL tools such as the Adam optimizer in MTL empirically in various experiments. To further investigate Adam’s effectiveness, we theoretical derive a partial loss-scale invariance under mild assumptions. Second, the notion of gradient conflicts has often been phrased as a specific problem in MTL. We explore the role of gradient conflicts in MTL and compare it to STL. For angular gradient alignment we find no evidence that this is a unique problem in MTL. We emphasize differences in gradient magnitude as the main distinguishing factor. Overall, we find surprising similarities between STL and MTL suggesting to consider methods from both fields in a broader context."
jmlr-v24-22-0347,Lin and Zhang (2023),2023,LibMTL: A Python Library for Deep Multi-Task Learning,Journal of Machine Learning Research,journal,Multi-Task Optimization,tool-system,LibMTL (PyTorch multi-task learning library),Delivers the unified open-source PyTorch benchmarking library that implements multi-task architectures and optimization strategies to ensure standardized experimental comparison.,"State-of-the-art multi-task learning models are implemented in incompatible frameworks with inconsistent experimental details or lack public implementations, which makes it hard to extend them to real applications or to compare new MTL models against them fairly.","The authors develop LibMTL, an open-source Python library built on PyTorch that unifies different MTL settings and provides a modular, reproducible, and extensible framework supporting 13 optimization strategies and 8 MTL architectures.","LibMTL offers a more comprehensive and up-to-date unified framework than existing MTL libraries, covering more MTL settings and more state-of-the-art deep MTL methods, and enabling fair comparisons and rapid development of new MTL models.",NYUv2,"This paper presents `LibMTL` , an open-source `Python` library built on `PyTorch` , which provides a unified, comprehensive, reproducible, and extensible implementation framework for Multi-Task Learning (MTL). `LibMTL` considers different settings and approaches in MTL, and it supports a large number of state-of-the-art MTL methods, including 13 optimization strategies and 8 architectures. Moreover, the modular design in `LibMTL` makes it easy to use and well extensible, thus users can easily and fast develop new MTL methods, compare with existing MTL methods fairly, or apply MTL algorithms to real-world applications with the support of `LibMTL` . The source code and detailed documentations of `LibMTL` are available at `https://github.com/median-research-group/LibMTL` and `https://libmtl.readthedocs.io` , respectively."
arxiv-2306.03792,Liu et al. (2023),2023,FAMO: Fast Adaptive Multitask Optimization,Advances in Neural Information Processing Systems 36 (NeurIPS 2023),conference,Multi-Task Optimization,experimental,FAMO (Fast Adaptive Multitask Optimization),Contributes the benchmarked FAMO algorithm that equalizes task loss decrease rates with constant memory overhead and a single backward pass.,"Average loss optimization in multitask learning under-optimizes some tasks, and existing gradient manipulation methods require storing all task gradients with high computation cost.","The authors propose FAMO, an adaptive task weighting optimizer that balances loss decrease rates across tasks using loss history with constant time and memory overhead.",FAMO matches or outperforms existing gradient manipulation methods across supervised and reinforcement learning benchmarks while drastically reducing training time and memory requirements.,"NYU-v2, CityScapes, QM-9, CelebA, MetaWorld MT10, toy 2-task optimization problem","One of the grand enduring goals of AI is to create generalist agents that can learn multiple different tasks from diverse data via multitask learning (MTL). However, in practice, applying gradient descent (GD) on the average loss across all tasks may yield poor multitask performance due to severe under-optimization of certain tasks. Previous approaches that manipulate task gradients for a more balanced loss decrease require storing and computing all task gradients (𝒪⁡(k)\mathcal{O}(k) space and time where kk is the number of tasks), limiting their use in large-scale scenarios. In this work, we introduce Fast Adaptive Multitask Optimization (FAMO), a dynamic weighting method that decreases task losses in a balanced way using 𝒪⁡(1)\mathcal{O}(1) space and time. We conduct an extensive set of experiments covering multi-task supervised and reinforcement learning problems. Our results indicate that FAMO achieves comparable or superior performance to state-of-the-art gradient manipulation techniques while offering significant improvements in space and computational efficiency. Code is available at [https://github.com/Cranial-XIX/FAMO](https://github.com/Cranial-XIX/FAMO """")."
arxiv-2305.19000,Senushkin et al. (2023),2023,Independent Component Alignment for Multi-Task Learning,Proceedings of the IEEE/CVF Conference on Computer Vision and Pattern Recognition (CVPR 2023),conference,Multi-Task Optimization,experimental,Aligned-MTL (with an Aligned-MTL-UB upper-bound approximation),Develops Aligned-MTL to resolve gradient conflicts by aligning orthogonal singular value components while guaranteeing convergence to user-specified task trade-off weights.,"Training a single model on multiple tasks is destabilized by conflicting and dominating task gradients when optimizing the averaged objective, and existing multi-task gradient methods converge to arbitrary Pareto-stationary points so that task trade-offs cannot be specified in advance.","The authors use the condition number of the gradient matrix as a stability criterion for multi-task optimization and propose Aligned-MTL, which aligns the principal components of the linear system of gradients via singular value decomposition so the condition number is minimized and the resulting cumulative gradient respects pre-defined task weights.","Aligned-MTL consistently outperforms prior multi-task optimization methods on scene understanding and multi-task reinforcement learning benchmarks while provably converging to an optimum with pre-defined task weights, giving more control over the optimization result.","synthetic two-task MTL benchmark, Cityscapes, NYUv2, MetaWorld MT10","In a multi-task learning (MTL) setting, a single model is trained to tackle a diverse set of tasks jointly. Despite rapid progress in the field, MTL remains challenging due to optimization issues such as conflicting and dominating gradients. In this work, we propose using a condition number of a linear system of gradients as a stability criterion of an MTL optimization. We theoretically demonstrate that a condition number reflects the aforementioned optimization issues. Accordingly, we present Aligned-MTL, a novel MTL optimization approach based on the proposed criterion, that eliminates instability in the training process by aligning the orthogonal components of the linear system of gradients. While many recent MTL approaches guarantee convergence to a minimum, task trade-offs cannot be specified in advance. In contrast, Aligned-MTL provably converges to an optimal point with pre-defined task-specific weights, which provides more control over the optimization result. Through experiments, we show that the proposed approach consistently improves performance on a diverse set of MTL benchmarks, including semantic and instance segmentation, depth estimation, surface normal estimation, and reinforcement learning. The source code is publicly available at [https://github.com/SamsungLabs/MTL](https://github.com/SamsungLabs/MTL """")."
arxiv-2201.04122,Kurin et al. (2022),2022,In Defense of the Unitary Scalarization for Deep Multi-Task Learning,Advances in Neural Information Processing Systems 35 (NeurIPS 2022),conference,Multi-Task Optimization,experimental,unitary scalarization coupled with standard regularization and stabilization techniques,Challenges specialized multi-task optimizers by demonstrating that unitary scalarization combined with standard single-task regularizers matches complex dynamic weighting schemes across standard benchmarks.,"Deep multi-task learning research increasingly argues that unitary scalarization, simply minimizing the sum of per-task losses, underperforms specialized multi-task optimizers, and the authors attribute this reported weakness to experimental variability and insufficient regularization rather than to inherent optimization difficulty.","The authors benchmark popular specialized multi-task optimizers against unitary scalarization in a unified experimental pipeline across supervised and reinforcement learning settings, coupling the simple baseline with standard single-task regularization and stabilization techniques, and provide an empirical and technical analysis suggesting that many specialized optimizers act as regularizers.","No specialized multi-task optimizer consistently outperforms unitary scalarization across popular supervised and reinforcement learning benchmarks once the simple baseline is combined with standard regularization and stabilization, and many specialized optimizers can be partly interpreted as forms of regularization.","Multi-MNIST, CelebA, Cityscapes, Meta-World (MT10 and MT50)","Recent multi-task learning research argues against *unitary scalarization*, where training simply minimizes the sum of the task losses. Several ad-hoc multi-task optimization algorithms have instead been proposed, inspired by various hypotheses about what makes multi-task settings difficult. The majority of these optimizers require per-task gradients, and introduce significant memory, runtime, and implementation overhead. We show that unitary scalarization, coupled with standard regularization and stabilization techniques from single-task learning, matches or improves upon the performance of complex multi-task optimizers in popular supervised and reinforcement learning settings. We then present an analysis suggesting that many specialized multi-task optimizers can be partly interpreted as forms of regularization, potentially explaining our surprising results. We believe our results call for a critical reevaluation of recent research in the area."
arxiv-2202.01017,Navon et al. (2022),2022,Multi-Task Learning as a Bargaining Game,International Conference on Machine Learning (ICML),conference,Multi-Task Optimization,experimental,Nash-MTL,Introduces the benchmarked Nash-MTL algorithm that frames multi-task gradient aggregation as a cooperative bargaining game to determine a Pareto optimal update direction.,"In multi-task learning, per-task gradients can conflict in direction or differ in magnitude, causing a jointly trained model to perform worse than dedicated single-task models.",The authors model gradient aggregation as a cooperative bargaining game and use the proportionally fair Nash bargaining solution as the parameter update direction.,Nash-MTL achieves state-of-the-art performance across multiple multi-task benchmarks while providing theoretical convergence guarantees to Pareto stationary or Pareto optimal points.,"QM9, NYUv2, CityScapes, MT10 (Meta-World)","In Multi-task learning (MTL), a joint model is trained to simultaneously make predictions for several tasks. Joint training reduces computation costs and improves data efficiency; however, since the gradients of these different tasks may conflict, training a joint model for MTL often yields lower performance than its corresponding single-task counterparts. A common method for alleviating this issue is to combine per-task gradients into a joint update direction using a particular heuristic. In this paper, we propose viewing the gradients combination step as a bargaining game, where tasks negotiate to reach an agreement on a joint direction of parameter update. Under certain assumptions, the bargaining problem has a unique solution, known as the *Nash Bargaining Solution*, which we propose to use as a principled approach to multi-task learning. We describe a new MTL optimization procedure, Nash-MTL, and derive theoretical guarantees for its convergence. Empirically, we show that Nash-MTL achieves state-of-the-art results on multiple MTL benchmarks in various domains."
arxiv-2209.11379,Xin et al. (2022),2022,Do Current Multi-Task Optimization Methods in Deep Learning Even Help?,Advances in Neural Information Processing Systems 35 (NeurIPS 2022),conference,Multi-Task Optimization,experimental,scalarization with static task weights (implemented as proportional sampling),Conducts an empirical audit demonstrating that well-tuned static scalarization matches specialized multi-task optimizers on translation and vision tasks while avoiding severe gradient computation overheads.,"Specialized multi-task optimization (MTO) algorithms are widely claimed to beat simply optimizing a weighted average of task losses, but their reported gains may be artifacts of under-tuned baselines and unreliable evaluation practices rather than genuinely better optimization.","The authors run a large-scale empirical study comparing popular MTO algorithms against the Pareto frontier traced by sweeping static task-weight scalarization on multilingual machine translation and vision benchmarks, and they analyze how hyperparameter sensitivity and evaluation choices distort reported comparisons.","Across language and vision tasks, no tested MTO algorithm improves on a well-tuned scalarization sweep, whose solutions form a superset of MTO solutions, and apparent MTO gains largely stem from under-tuned baselines and evaluation pitfalls.","Multilingual machine translation data for English→French, English→Chinese, English→German, and English→Romanian translation, CityScapes, CelebA, Multi-MNIST, Google Cloud Platform v3 TPUs, Nvidia A100 GPUs","Recent research has proposed a series of specialized optimization algorithms for deep multi-task models. It is often claimed that these multi-task optimization (MTO) methods yield solutions that are superior to the ones found by simply optimizing a weighted average of the task losses. In this paper, we perform large-scale experiments on a variety of language and vision tasks to examine the empirical validity of these claims. We show that, despite the added design and computational complexity of these algorithms, MTO methods do not yield any performance improvements beyond what is achievable via traditional optimization approaches. We highlight alternative strategies that consistently yield improvements to the performance profile and point out common training pitfalls that might cause suboptimal results. Finally, we outline challenges in reliably evaluating the performance of MTO algorithms and discuss potential solutions."
arxiv-2110.14048,Liu et al. (2021),2021,Conflict-Averse Gradient Descent for Multi-task Learning,Advances in Neural Information Processing Systems 34 (NeurIPS 2021),conference,Multi-Task Optimization,experimental,Conflict-Averse Gradient Descent (CAGrad),Establishes the benchmarked CAGrad algorithm that optimizes the worst-case local task improvement within a constrained trust region around the average gradient vector.,"Directly minimizing the average loss in multi-task learning is undermined by conflicting task gradients, and prior gradient-manipulation heuristics lack convergence guarantees to a minimum of the average loss.","The authors propose CAGrad, which at each step searches within a neighborhood of the averaged gradient for an update vector that maximizes the worst-case local improvement across task losses, provably converging to a stationary point of the average loss.","CAGrad improves over prior state-of-the-art gradient manipulation methods on multi-task supervised, semi-supervised, and reinforcement learning benchmarks while provably converging to an optimum of the average loss.","Toy two-task optimization example, Multi-Fashion+MNIST with a shrinked LeNet, NYU-v2 with MTAN (SegNet backbone), CityScapes with MTAN (SegNet backbone), Meta-World MT10 with Soft Actor-Critic, Meta-World MT50 with Soft Actor-Critic, CIFAR10 semi-supervised learning with ARML (WRN-28-2 backbone)","The goal of multi-task learning is to enable more efficient learning than single task learning by sharing model structures for a diverse set of tasks. A standard multi-task learning objective is to minimize the average loss across all tasks. While straightforward, using this objective often results in much worse final performance for each task than learning them independently. A major challenge in optimizing a multi-task model is the *conflicting gradients*, where gradients of different task objectives are not well aligned so that following the average gradient direction can be detrimental to specific tasks’ performance. Previous work has proposed several heuristics to manipulate the task gradients for mitigating this problem. But most of them lack convergence guarantee and/or could converge to any Pareto-stationary point. In this paper, we introduce Conflict-Averse Gradient descent (CAGrad) which minimizes the average loss function, while leveraging the worst local improvement of individual tasks to regularize the algorithm trajectory. CAGrad balances the objectives automatically and still provably converges to a minimum over the average loss. It includes the regular gradient descent (GD) and the multiple gradient descent algorithm (MGDA) in the multi-objective optimization (MOO) literature as special cases. On a series of challenging multi-task supervised learning and reinforcement learning tasks, CAGrad achieves improved performance over prior state-of-the-art multi-objective gradient manipulation methods. Code is available at [https://github.com/Cranial-XIX/CAGrad](https://github.com/Cranial-XIX/CAGrad """")."
openreview-IMPnRXEWpvr,Liu et al. (2021),2021,TOWARDS IMPARTIAL MULTI-TASK LEARNING,International Conference on Learning Representations,conference,Multi-Task Optimization,experimental,Impartial Multi-task Learning (IMTL),Provides the benchmarked IMTL algorithm that ensures scale-invariant learning by enforcing equal gradient projections for shared parameters and dynamically balancing task loss magnitudes.,"Training multiple tasks simultaneously in multi-task learning causes some tasks to be learned well while others are overlooked, because tasks have different loss scales and gradient magnitudes and compete with each other.","The authors propose impartial multi-task learning (IMTL), which combines a closed-form gradient balance method (IMTL-G) that gives the aggregated gradient equal projections onto each task for shared parameters with a learnable loss balance method (IMTL-L) that keeps task-specific losses at a comparable scale.","Combining gradient balance for task-shared parameters with loss balance for task-specific parameters yields impartial, scale-invariant multi-task learning that outperforms existing loss weighting methods on Cityscapes, NYUv2, and CelebA, and is the most robust to loss scale changes.","Cityscapes, NYUv2, CelebA","Multi-task learning (MTL) has been widely used in representation learning. However, na¨ıvely training all tasks simultaneously may lead to the partial training issue, where specific tasks are trained more adequately than others. In this paper, we propose to learn multiple tasks impartially. Specifically, for the _task-shared_ parameters, we optimize the scaling factors via a closed-form solution, such that the aggregated gradient (sum of raw gradients weighted by the scaling factors) has equal projections onto individual tasks. For the _task-specific_ parameters, we dynamically weigh the task losses so that all of them are kept at a comparable scale. Further, we find the above _gradient_ balance and _loss_ balance are complementary and thus propose a hybrid balance method to further improve the performance. Our impartial multi-task learning (IMTL) can be end-to-end trained without any heuristic hyper-parameter tuning, and is general to be applied on all kinds of losses without any distribution assumption. Moreover, our IMTL can converge to similar results even when the task losses are designed to have different scales, and thus it is scale-invariant. We extensively evaluate our IMTL on the standard MTL benchmarks including Cityscapes, NYUv2 and CelebA. It outperforms existing loss weighting methods under the same experimental settings."
arxiv-2001.06782,Yu et al. (2020),2020,Gradient Surgery for Multi-Task Learning,Advances in Neural Information Processing Systems 33 (NeurIPS 2020),conference,Multi-Task Optimization,experimental,PCGrad (Projecting Conflicting Gradients),Introduces the benchmarked PCGrad algorithm that projects conflicting task gradients onto the normal planes of one another to reduce destructive gradient interference.,"Jointly training multiple tasks often degrades performance and data efficiency because conflicting gradients, dominating gradient magnitudes, and high loss curvature cause destructive gradient interference.","The authors propose PCGrad, which detects conflicting task gradients by negative cosine similarity and projects each conflicting gradient onto the normal plane of the other.","PCGrad significantly improves optimization speed, data efficiency, and final performance across multi-task supervised and reinforcement learning benchmarks, while combining effectively with existing multi-task network architectures.","MultiMNIST, CityScapes, CelebA, CIFAR-100, NYUv2, Meta-World MT10 benchmark, Meta-World MT50 benchmark, Meta-World Sawyer robot pushing task, NVIDIA TITAN RTX GPU","While deep learning and deep reinforcement learning (RL) systems have demonstrated impressive results in domains such as image classification, game playing, and robotic control, data efficiency remains a major challenge. Multi-task learning has emerged as a promising approach for sharing structure across multiple tasks to enable more efficient learning. However, the multi-task setting presents a number of optimization challenges, making it difficult to realize large efficiency gains compared to learning tasks independently. The reasons why multi-task learning is so challenging compared to single-task learning are not fully understood. In this work, we identify a set of three conditions of the multi-task optimization landscape that cause detrimental gradient interference, and develop a simple yet general approach for avoiding such interference between task gradients. We propose a form of gradient surgery that projects a task’s gradient onto the normal plane of the gradient of any other task that has a *conflicting* gradient. On a series of challenging multi-task supervised and multi-task RL problems, this approach leads to substantial gains in efficiency and performance. Further, it is model-agnostic and can be combined with previously-proposed multi-task architectures for enhanced performance."
arxiv-1803.10704,Liu et al. (2019),2019,End-to-End Multi-Task Learning with Attention,Proceedings of the IEEE/CVF Conference on Computer Vision and Pattern Recognition (CVPR 2019),conference,Multi-Task Optimization,experimental,Multi-Task Attention Network (MTAN),Introduces Dynamic Weight Average as a foundational heuristic that balances task losses using relative descending rates calculated from preceding training epochs without extra backpropagation passes.,"Multi-task networks must learn both task-shared and task-specific features while balancing each task's contribution to the loss, yet most existing approaches address only one of these challenges and scale poorly in parameters as tasks are added.","The authors propose MTAN, a single shared network holding a global feature pool with a soft attention module per task at each layer that learns task-specific masks over the shared features end-to-end, together with a simple adaptive loss-weighting scheme called Dynamic Weight Average.",MTAN matches or outperforms existing multi-task architectures on dense prediction and classification benchmarks while using far fewer parameters and remaining robust to the choice of loss-weighting scheme.,"CityScapes, NYUv2, Visual Decathlon Challenge","We propose a novel multi-task learning architecture, which allows learning of task-specific feature-level attention. Our design, the Multi-Task Attention Network (MTAN), consists of a single shared network containing a global feature pool, together with a soft-attention module for each task. These modules allow for learning of task-specific features from the global features, whilst simultaneously allowing for features to be shared across different tasks. The architecture can be trained end-to-end and can be built upon any feed-forward neural network, is simple to implement, and is parameter efficient. We evaluate our approach on a variety of datasets, across both image-to-image predictions and image classification tasks. We show that our architecture is state-of-the-art in multi-task learning compared to existing methods, and is also less sensitive to various weighting schemes in the multi-task loss function. Code is available at [https://github.com/lorenmt/mtan](https://github.com/lorenmt/mtan """")."
arxiv-1711.02257,Chen et al. (2018),2018,GradNorm: Gradient Normalization for Adaptive Loss Balancing in Deep Multitask Networks,Proceedings of the 35th International Conference on Machine Learning (ICML 2018),conference,Multi-Task Optimization,experimental,GradNorm,Supplies the benchmarked GradNorm algorithm that balances gradient magnitudes across tasks according to relative inverse training rates at the shared layers.,Training deep multitask networks is hard because task imbalances cause gradient magnitude imbalances that let dominant tasks overwhelm shared feature learning.,The authors propose GradNorm to dynamically balance gradient magnitudes across tasks by adjusting multitask loss weights according to relative training rates.,GradNorm improves multitask accuracy and reduces overfitting across multiple vision tasks while matching or exceeding the performance of exhaustive grid search.,"synthetic toy multitask regression system (2-task and 10-task), NYUv2+seg (NYUv2 with depth, surface normals, and 13-class segmentation labels), NYUv2+kpts (augmented NYUv2 with depth, surface normals, and human-annotated room keypoints, ~90,000 images), Multitask Facial Landmark (MTFL) dataset, VGG16 SegNet (29M parameters), Thin ResNet-50 FCN (15M parameters), 4x Titan X GTX 12GB GPUs","Deep multitask networks, in which one neural network produces multiple predictive outputs, can offer better speed and performance than their single-task counterparts but are challenging to train properly. We present a gradient normalization (GradNorm) algorithm that automatically balances training in deep multitask models by dynamically tuning gradient magnitudes. We show that for various network architectures, for both regression and classification tasks, and on both synthetic and real datasets, GradNorm improves accuracy and reduces overfitting across multiple tasks when compared to single-task networks, static baselines, and other adaptive multitask loss balancing techniques. GradNorm also matches or surpasses the performance of exhaustive grid search methods, despite only involving a single asymmetry hyperparameter α\alpha. Thus, what was once a tedious search process that incurred exponentially more compute for each task added can now be accomplished within a few training runs, irrespective of the number of tasks. Ultimately, we will demonstrate that gradient manipulation affords us great control over the training dynamics of multitask networks and may be one of the keys to unlocking the potential of multitask learning."
arxiv-1705.07115,Kendall et al. (2018),2018,Multi-Task Learning Using Uncertainty to Weigh Losses for Scene Geometry and Semantics,Proceedings of the IEEE Conference on Computer Vision and Pattern Recognition (CVPR 2018),conference,Multi-Task Optimization,experimental,homoscedastic uncertainty-weighted multi-task loss with a DeepLabV3/ResNet101 encoder-decoder scene understanding network,Provides the benchmarked uncertainty weighting algorithm that dynamically scales task losses using learned homoscedastic task variance parameters.,"Multi-task deep learning performance depends strongly on the relative weighting between each task's loss, and hand-tuning these weights is expensive and difficult, which makes multi-task learning impractical.",The authors derive a principled multi-task loss function that automatically learns the relative weights of multiple classification and regression losses by maximizing the likelihood of each task under its homoscedastic (task-dependent) uncertainty.,"Weighting task losses by learned homoscedastic uncertainty allows a single model to jointly learn semantic segmentation, instance segmentation, and per-pixel depth regression while outperforming separately trained single-task models.","CityScapes, Tiny CityScapes (downsampled to 128x256 resolution), NVIDIA GeForce GTX 1080Ti GPU","Numerous deep learning applications benefit from multi-task learning with multiple regression and classification objectives. In this paper we make the observation that the performance of such systems is strongly dependent on the relative weighting between each task’s loss. Tuning these weights by hand is a difficult and expensive process, making multi-task learning prohibitive in practice. We propose a principled approach to multi-task deep learning which weighs multiple loss functions by considering the homoscedastic uncertainty of each task. This allows us to simultaneously learn various quantities with different units or scales in both classification and regression settings. We demonstrate our model learning per-pixel depth regression, semantic and instance segmentation from a monocular input image. Perhaps surprisingly, we show our model can learn multi-task weightings and outperform separate models trained individually on each task."
arxiv-1810.04650,Sener and Koltun (2018),2018,Multi-Task Learning as Multi-Objective Optimization,Advances in Neural Information Processing Systems 31 (NeurIPS 2018),conference,Multi-Task Optimization,experimental,MGDA-UB (Multiple Gradient Descent Algorithm - Upper Bound),Provides the foundational multi-objective optimization framework that adapts multiple gradient descent to locate Pareto-stationary solutions with an efficient representation-level upper bound.,"The common practice of minimizing a weighted linear combination of per-task losses in multi-task learning is only valid when tasks do not compete, but real tasks often conflict, so a trade-off between them must be modeled rather than approximated by a fixed weighted sum.","The authors recast multi-task learning as multi-objective optimization aimed at finding a Pareto optimal solution, using a Frank-Wolfe-based solver for the multiple gradient descent algorithm together with an upper-bound objective (MGDA-UB) computed from gradients with respect to shared representations so that everything runs with a single backward pass and negligible overhead.","Treating multi-task learning explicitly as multi-objective optimization yields models that outperform recent multi-task formulations, uncertainty weighting, GradNorm, and per-task training across digit classification, multi-label classification, and scene understanding, while adding negligible computational overhead.","MultiMNIST, CelebA, Cityscapes, Titan Xp GPU","In multi-task learning, multiple tasks are solved jointly, sharing inductive bias between them. Multi-task learning is inherently a multi-objective problem because different tasks may conflict, necessitating a trade-off. A common compromise is to optimize a proxy objective that minimizes a weighted linear combination of per-task losses. However, this workaround is only valid when the tasks do not compete, which is rarely the case. In this paper, we explicitly cast multi-task learning as multi-objective optimization, with the overall objective of finding a Pareto optimal solution. To this end, we use algorithms developed in the gradient-based multi-objective optimization literature. These algorithms are not directly applicable to large-scale learning problems since they scale poorly with the dimensionality of the gradients and the number of tasks. We therefore propose an upper bound for the multi-objective loss and show that it can be optimized efficiently. We further prove that optimizing this upper bound yields a Pareto optimal solution under realistic assumptions. We apply our method to a variety of multi-task deep learning problems including digit classification, scene understanding (joint semantic segmentation, instance segmentation, and depth estimation), and multi-label classification. Our method produces higher-performing models than recent multi-task learning formulations or per-task training."
doi-10.1023-A-1007379606734,Caruana (1997),1997,Multitask Learning,Machine Learning,journal,Multi-Task Optimization,experimental,"Multitask Learning (MTL) in backpropagation nets, plus MTL algorithms for k-nearest neighbor, kernel regression, and decision trees",Establishes the foundational hard parameter sharing paradigm that enables concurrent multi-task training over a single shared encoder to improve generalization through inductive transfer.,"Learning each task in isolation ignores the domain information available in the training signals of related tasks drawn from the same domain, causing tabula rasa learners to generalize poorly on difficult real-world problems.","Train multiple related tasks in parallel on one learner that shares an internal representation (e.g., extra outputs on a backprop net with a shared hidden layer), so the extra task training signals act as an inductive bias that improves generalization on the main task.","Across simulated and real domains (road following, door recognition, pneumonia risk prediction, robot sensing, and synthetic functions), training related tasks in parallel on a shared representation cut generalization error on the main task by roughly 5-40%, and shuffle tests confirmed the gains come from information in the extra training signals rather than side effects of having multiple outputs.","1D-ALVINN synthetic road image domain, 1D-DOORS real door image domain collected with a robot-mounted camera, Medis Pneumonia Database (14,199 pneumonia cases from 78 hospitals), Peaks Functions (120 synthetic conditional functions), Xavier robot sensory prediction domain, synthetic F1/F2 sigmoid function problems","Multitask Learning is an approach to inductive transfer that improves generalization by using the domain information contained in the training signals of _related_ tasks as an inductive bias. It does this by learning tasks in parallel while using a shared representation; what is learned for each task can help other tasks be learned better. This paper reviews prior work on MTL, presents new evidence that MTL in backprop nets discovers task relatedness without the need of supervisory signals, and presents new results for MTL with k-nearest neighbor and kernel regression. In this paper we demonstrate multitask learning in three domains. We explain how multitask learning works, and show that there are many opportunities for multitask learning in real domains. We present an algorithm and results for multitask learning with case-based methods like k-nearest neighbor and kernel regression, and sketch an algorithm for multitask learning in decision trees. Because multitask learning works, can be applied to many different kinds of domains, and can be used with different learning algorithms, we conjecture there will be many opportunities for its use on real-world problems."
arxiv-2406.15477,Yin et al. (2026),2026,CrisisSense-LLM: Instruction Fine-Tuned Large Language Model for Multi-label Social Media Text Classification in Disaster Informatics,Advanced Engineering Informatics,journal,Crisis Informatics & Triage,experimental,CrisisSense-LLM (instruction fine-tuned LLaMA2),Proves that instruction fine-tuning enables a unified architecture to classify multiple disaster dimensions simultaneously rather than using separate models.,"Disaster text classification studies usually train one model per label, which creates redundancy and inefficiency, and general pre-trained LLMs lack the disaster-specific knowledge needed for reliable use on these tasks.","The authors build an instruction dataset of over 60,000 labeled disaster tweets and use it to instruction fine-tune the open-source LLaMA2 model so that one model predicts event type, informativeness, and human aid type at the same time.","Instruction fine-tuning a single LLM for simultaneous multi-label disaster tweet classification raises overall accuracy to 63.8 percent, nearly 15 times better than the zero-shot baseline models.","CrisisBench disaster tweet dataset, computation node with 3 A40 GPUs for LoRA fine-tuning, computation node with 16 A100 GPUs for full parameter tuning","In the field of crisis/disaster informatics, social media is increasingly being used for improving situational awareness to inform response and relief efforts. Efficient and accurate text classification tools have been a focal area of investigation in crisis informatics. This study introduces a novel approach to disaster text classification by enhancing a pre-trained Large Language Model (LLM) through instruction fine-tuning targeted for multi-label classification of disaster-related tweets. Our methodology involves creating a comprehensive instruction dataset with more than 60,000 samples from disaster-related tweets, which is then used to fine-tune an open-source LLM, thereby embedding it with disaster-specific knowledge. This fine-tuned model can classify multiple aspects of disaster-related information simultaneously, such as the type of event, informativeness, and involvement of human aid, significantly improving the utility of social media data for situational awareness in disasters. Our results show a significant improvement in categorizing critical information, with an overall accuracy of 63.8% across multiple labels. The overall accuracy of the fine-tuned model is nearly 15 times better than baseline models, whose overall accuracy is 4.27%, demonstrating its effectiveness in enhancing situational awareness. This research paves the way for more advanced, adaptable, and robust disaster management tools, leveraging the capabilities of LLMs to improve real-time situational awareness and response strategies in disaster scenarios. The source code and data relevant to this work is openly accessible in https://github.com/KaiYin97/CrsisLLM"
arxiv-2511.10120,Seeberger et al. (2025),2025,Generalizing to Unseen Disaster Events: A Causal View,Findings of the Association for Computational Linguistics: AACL-IJCNLP 2025,conference,Crisis Informatics & Triage,experimental,Causal debiasing framework with domain-specific experts and bias model,"Analyzes event-specific spurious correlations and demonstrates how debiasing strategies enhance generalization to emerging, unseen disaster events.","Classifiers for disaster posts rely on spurious event-specific and domain-specific cues from past events, which hurts generalization to emerging disaster events.","The authors propose a causal debiasing framework that combines an event bias model, domain-specific attention experts, and masking augmentation.",The proposed causal debiasing framework outperforms all baselines across three disaster classification tasks under temporal splits to unseen events.,"HumAID, CrisisLex T26, Trecis (TREC Incident Streams), NVIDIA A100 GPU (40GB)","Due to the rapid growth of social media platforms, these tools have become essential for monitoring information during ongoing disaster events. However, extracting valuable insights requires real-time processing of vast amounts of data. A major challenge in existing systems is their exposure to event-related biases, which negatively affects their ability to generalize to emerging events. While recent advancements in debiasing and causal learning offer promising solutions, they remain underexplored in the disaster event domain. In this work, we approach bias mitigation through a causal lens and propose a method to reduce event- and domain-related biases, enhancing generalization to future events. Our approach outperforms multiple baselines by up to +1.9% F1 and significantly improves a PLM-based classifier across three disaster classification tasks."
arxiv-2504.16144,Zguir et al. (2025),2025,Detecting Actionable Requests and Offers on Social Media During Crises Using LLMs,Proceedings of the 22nd International Conference on Information Systems for Crisis Response and Management (ISCRAM 2025),conference,Crisis Informatics & Triage,experimental,Query-Specific Few-shot Learning (QSF Learning),Develops a fine-grained hierarchical taxonomy and retrieval-augmented prompting for actionability and resource triage during disasters.,"Existing crisis social media systems classify posts only at a coarse request versus offer level with single labels, and supervised models need costly human annotation that is hard to obtain during disasters.","The authors build a fine-grained hierarchical taxonomy of supplies, actions, and emergency personnel and classify posts with instruction-tuned LLMs using QSF Learning, a RAG-based prompting method that retrieves query-specific labeled examples for each input message.","QSF Learning consistently beats static baseline prompting strategies across models and datasets, with the largest gains on the complex actions and personnel tasks.","Synthetic dataset of 1,346 disaster tweets generated with GPT-4o, 300 manually annotated Hurricane Sandy tweets from Purohit et al. 2014, later improved by Lamsal et al. 2024","Natural disasters often result in a surge of social media activity, including requests for assistance, offers of help, sentiments, and general updates. To enable humanitarian organizations to respond more efficiently, we propose a fine-grained hierarchical taxonomy to systematically organize crisis-related information about requests and offers into three critical dimensions: supplies, emergency personnel, and actions. Leveraging the capabilities of Large Language Models (LLMs), we introduce Query-Specific Few-shot Learning (QSF Learning) that retrieves class-specific labeled examples from an embedding database to enhance the model's performance in detecting and classifying posts. Beyond classification, we assess the actionability of messages to prioritize posts requiring immediate attention. Extensive experiments demonstrate that our approach outperforms baseline prompting strategies, effectively identifying and prioritizing actionable requests and offers."
arxiv-2309.05494,Lamsal et al. (2024),2024,CrisisTransformers: Pre-trained language models and sentence encoders for crisis-related social media texts,Knowledge-Based Systems,journal,Crisis Informatics & Triage,experimental,"CrisisTransformers (CT-M1, CT-M2, CT-M3 pre-trained models and their sentence encoder variants)",Introduces domain-specific pretrained transformer encoders that outperform generic language models across eighteen crisis informatics benchmarks.,"Existing pre-trained language models and general-purpose sentence encoders are not tailored to the informal language of crisis-related social media texts, which limits the automated analysis that emergency responders need.",The authors pre-train BERT-base sized models called CrisisTransformers on a 15 billion token corpus of crisis tweets and adapt them into sentence encoders with contrastive learning.,Domain-specific pre-training on crisis tweets produces models that beat strong general-purpose baselines on all 18 crisis classification datasets and lifts the sentence encoding state of the art by 17.43 percent.,"Crisis corpus of over 15 billion word tokens from tweets on more than 30 crisis events (pre-training), CrisisMMD (D-01), CrisisLex (D-02), AIDR (D-03), ISCRAM2013 (D-04), SWDM2013 (D-05), CrisisNLP (D-06), Poddar et al. (2022) COVID-19 vaccine stance dataset (D-07), SAD Stressor (D-08), SAD Stress (D-09), SAD COVID (D-10), LocBERT (D-11), HMC (a) (D-12), Cotfas et al. (2021) COVID-19 vaccination opinions dataset (D-13), HMC (b) (D-14), PHM (D-15), Klein et al. (2021) (a) (D-16), Klein et al. (2021) (b) (D-17), ANTiVax (D-18), GooAQ (question, answer pairs for MNR training), QQP (triplets with hard negatives), AllNLI, General-domain SemEval tweet datasets (Appendix A), 6 NVIDIA A100 GPUs with 80GB memory for pre-training, Intel Xeon Gold 6326 CPU with an 80GB A100 GPU for inference time analysis","Social media platforms play an essential role in crisis communication, but analyzing crisis-related social media texts is challenging due to their informal nature. Transformer-based pre-trained models like BERT and RoBERTa have shown success in various NLP tasks, but they are not tailored for crisis-related texts. Furthermore, general-purpose sentence encoders are used to generate sentence embeddings, regardless of the textual complexities in crisis-related texts. Advances in applications like text classification, semantic search, and clustering contribute to the effective processing of crisis-related texts, which is essential for emergency responders to gain a comprehensive view of a crisis event, whether historical or real-time. To address these gaps in crisis informatics literature, this study introduces CrisisTransformers, an ensemble of pre-trained language models and sentence encoders trained on an extensive corpus of over 15 billion word tokens from tweets associated with more than 30 crisis events, including disease outbreaks, natural disasters, conflicts, and other critical incidents. We evaluate existing models and CrisisTransformers on 18 crisis-specific public datasets. Our pre-trained models outperform strong baselines across all datasets in classification tasks, and our best-performing sentence encoder improves the state-of-the-art by 17.43% in sentence encoding tasks. Additionally, we investigate the impact of model initialization on convergence and evaluate the significance of domain-specific models in generating semantically meaningful sentence embeddings. The models are publicly available at: https://huggingface.co/crisistransformers"
doi-10.25147-ijcsr.2017.001.1.80,Ermino et al. (2022),2022,Evaluating Urgency of Typhoon-Related Tweets Through Sentiment Analysis Using Artificial Neural Networks,International Journal of Computing Sciences Research,journal,Crisis Informatics & Triage,experimental,Feed-forward artificial neural network,Grounds the disaster triage problem in Philippine typhoon response by evaluating neural models for social media urgency scoring.,Responders in the Philippines cannot efficiently find urgent disaster calls on social media because government communication protocols do not standardize social media platforms.,The authors train a feed-forward neural network using supervised sentiment analysis to assign urgency scores between 0 and 1 to typhoon-related tweets.,"The artificial neural network accurately predicts the urgency of typhoon tweets, achieving 99.17 percent validation accuracy and 99 percent accuracy on separate confusion matrix testing.","Dataset of 4,020 English and Tagalog tweets from Typhoon Ulysses collected using Tweepy and the Twitter API, split into 3,900 training and 120 validation tweets, Validation dataset of 100 tweets with 43 urgent and 57 non-urgent tweets for confusion matrix analysis","_Purpose_ – The main objective of this project was to evaluate typhoon-related Tweets’ urgency using sentiment analysis with supervised learning over an artificial neural network.

_Method_ – The researchers implemented artificial neural network and natural language processing techniques for sentiment analysis and evaluation of the urgency score of typhoon-related Tweets. The model’s accuracy on training and validation was evaluated simultaneously. A separate validation using 100 data was done using confusion matrix analysis.

_Results_ – The accuracy of the model in training was at 99.87% and the loss was 0.0074. Validation was conducted simultaneously with the training. It was found that the accuracy of the model was at 99.17% and the loss was 0.0680. The confusion matrix analysis showed that the sensitivity was 97.67% and the specificity was 100%. The positive predictive value was 100% and the negative predicted value was 98.28%. Both false positive and false discovery rates are at 0% while the false-negative rate was at 2.33%. Finally, the F1 score was 98.82% and accuracy was 99%.

_Conclusion_ – The implementation of the architecture of the model was successful; the researchers concluded that the training produced successful results by looking at the high accuracy prediction of the model and the low loss during the simultaneous training and validation, and confusion matrix analysis for the separate validation.

_Recommendations_ – The researchers recommend expanding the vocabulary of the model by adding more diverse data to the dataset when training. The model produced by this study can be used in incident reporting systems that will be helpful during times of typhoon-related disasters.

_Research Implications_ – Using the model produced by the study in incident reporting applications of the government and NGOs will be more efficient than manually looking at typhoon-related posts on Twitter."
arxiv-2211.11468,Seeberger and Riedhammer (2022),2022,Enhancing Crisis-Related Tweet Classification with Entity-Masked Language Modeling and Multi-Task Learning,NLP4PI Workshop @ EMNLP 2022,workshop,Crisis Informatics & Triage,experimental,Entity-masked language modeling (E-MLM) with hierarchical multi-task classification heads (HMCN) on BERT,Couples entity masking with multi-task learning to prevent overfitting to disaster-specific named entities and improve cross-event generalization.,"Crisis tweet classifiers overfit to event-specific entities and biases and face highly imbalanced labels, so they perform poorly on rare actionable information types for unseen disaster events.",The authors combine adaptive pre-training with entity-masked language modeling and hierarchical multi-label classification heads trained as a multi-task problem on top of BERT.,The combination of entity-masked pre-training and hierarchical multi-task learning raises actionable information type F1 by up to 10 percent and improves generalization to unseen crisis events.,TREC-IS (2020B split of crisis-related tweets),"Social media has become an important information source for crisis management and provides quick access to ongoing developments and critical information. However, classification models suffer from event-related biases and highly imbalanced label distributions which still poses a challenging task. To address these challenges, we propose a combination of entity-masked language modeling and hierarchical multi-label classification as a multi-task learning problem. We evaluate our method on tweets from the TREC-IS dataset and show an absolute performance gain w.r.t. F1-score of up to 10% for actionable information types. Moreover, we found that entity-masking reduces the effect of overfitting to in-domain events and enables improvements in cross-event generalization. Our source code is publicly available on GitHub."
arxiv-2004.06774,Alam et al. (2021),2021,CrisisBench: Benchmarking Crisis-related Social Media Datasets for Humanitarian Information Processing,Proceedings of the International AAAI Conference on Web and Social Media (ICWSM 2021),conference,Crisis Informatics & Triage,dataset-benchmark,"event-aware training with CNN, fastText, and transformer models (BERT, DistilBERT, RoBERTa)",Provides the consolidated benchmark dataset and standardized evaluation protocol for informativeness and humanitarian intent classification across multiple crisis types.,"Crisis informatics research lacks standard benchmark datasets because the datasets used across studies are dispersed, use inconsistent class labels, contain exact and near-duplicate content, and often lack language tags, making published results impossible to compare.","The authors consolidate eight publicly available crisis tweet datasets into one standardized resource with manually mapped class labels, filtered exact and near duplicates, and per-tweet language tags, and provide benchmark results using CNN, fastText, and transformer models for informativeness and humanitarian classification.","Training on the consolidated, duplicate-free dataset generalizes better than training on individual datasets, and transformer models (best: RoBERTa) set benchmarks of 0.883 weighted F1 for informativeness and 0.872 for humanitarian classification on the cleaned English tweets.","CrisisBench consolidated dataset (English tweets, new dataset built by the paper), CrisisBench consolidated multilingual dataset (preliminary experiments), CrisisLex (CrisisLexT26 and CrisisLexT6), CrisisNLP, SWDM2013, ISCRAM2013, Disaster Response Data (DRD), Disasters on Social Media (DSM), CrisisMMD, AIDR","Time-critical analysis of social media streams is important for humanitarian organizations for planing rapid response during disasters. The crisis informatics research community has developed several techniques and systems for processing and classifying big crisis-related data posted on social media. However, due to the dispersed nature of the datasets used in the literature (e.g., for training models), it is not possible to compare the results and measure the progress made towards building better models for crisis informatics tasks. In this work, we attempt to bridge this gap by combining various existing crisis-related datasets. We consolidate eight human-annotated datasets and provide 166.1k and 141.5k tweets for informativeness and humanitarian classification tasks, respectively. We believe that the consolidated dataset will help train more sophisticated models. Moreover, we provide benchmarks for both binary and multiclass classification tasks using several deep learning architecrures including, CNN, fastText, and transformers. We make the dataset and scripts available at: https://crisisnlp.qcri.org/crisis\_datasets\_benchmarks.html"
arxiv-2104.03090,Alam et al. (2021),2021,HumAID: Human-Annotated Disaster Incidents Data from Twitter with Deep Learning Benchmarks,Proceedings of the International AAAI Conference on Web and Social Media (ICWSM 2021),conference,Crisis Informatics & Triage,dataset-benchmark,"SVM, Random Forest, fastText, and transformer models (BERT, RoBERTa, XLM-RoBERTa, DistilBERT)",Supplies the largest human-annotated disaster tweet corpus and establishes transformer baselines across nineteen separate disaster events.,"Existing labeled Twitter datasets for disaster response are small, contain exact or near duplicates, and are otherwise too limited to support data-hungry deep learning models for humanitarian information classification.","The authors built HumAID, the largest human-annotated disaster tweet dataset (about 77K tweets sampled from roughly 24 million tweets covering 19 disasters) through a multi-step filtering and crowdsourced annotation pipeline, and released fixed data splits with classification baselines.","HumAID is the largest publicly available human-annotated disaster tweet dataset, and the authors' experiments show transformer-based models, especially RoBERTa, outperform classical supervised algorithms, providing strong baselines for future crisis informatics research.","HumAID: newly created dataset of 77,196 human-labeled tweets across 19 disaster events (2016-2019), Pool of 24,859,155 tweets collected via the AIDR system using the Twitter streaming API, Humanitarian categories labeled data from Alam, Imran, and Ofli (2019) used to train the Random Forest filtering classifier","Social networks are widely used for information consumption and dissemination, especially during time-critical events such as natural disasters. Despite its significantly large volume, social media content is often too noisy for direct use in any application. Therefore, it is important to filter, categorize, and concisely summarize the available content to facilitate effective consumption and decision-making. To address such issues automatic classification systems have been developed using supervised modeling approaches, thanks to the earlier efforts on creating labeled datasets. However, existing datasets are limited in different aspects (e.g., size, contains duplicates) and less suitable to support more advanced and data-hungry deep learning models. In this paper, we present a new large-scale dataset with ∼{\sim}77K human-labeled tweets, sampled from a pool of ∼{\sim}24 million tweets across 19 disaster events that happened between 2016 and 2019. Moreover, we propose a data collection and sampling pipeline, which is important for social media data sampling for human annotation. We report multiclass classification results using classic and deep learning (fastText and transformer) based models to set the ground for future studies. The dataset and associated resources are publicly available.11 1 https://crisisnlp.qcri.org/humaid\_dataset.html"
arxiv-2110.08010,Wang et al. (2021),2021,Transformer-based Multi-task Learning for Disaster Tweet Categorisation,Proceedings of the 18th ISCRAM Conference – Social Media for Disaster Response and Resilience,conference,Crisis Informatics & Triage,experimental,Transformer-based multi-task learning (MTL) with ensemble of transformer encoders,Demonstrates that multi-task transformer architectures improve joint prediction of humanitarian information types and priority levels over single-task baselines.,"Emergency responders need crisis-related social media messages to be automatically categorised by information type and priority, because the volume of tweets grows explosively during a disaster and manual identification of useful messages is not feasible.","The authors fine-tune transformer encoders in a multi-task learning framework that jointly performs multi-label information type classification and priority estimation on disaster tweets, and further combine multiple such models through a simple ensemble of their predictions.","The transformer-based multi-task approach outperforms single-task and traditional machine learning baselines, and an ensemble of four multi-task transformer models achieves state-of-the-art performance in almost every TREC-IS evaluation metric, reaching an overall harmonic mean score of 0.3141.","TREC-IS 2018, TREC-IS 2019A, TREC-IS 2019B, TREC-IS 2020A, RTX-2080Ti GPU, RTX-2070 Super GPU","Social media has enabled people to circulate information in a timely fashion, thus motivating people to post messages seeking help during crisis situations. These messages can contribute to the situational awareness of emergency responders, who have a need for them to be categorised according to information types (i.e. the type of aid services the messages are requesting). We introduce a transformer-based multi-task learning (MTL) technique for classifying information types and estimating the priority of these messages. We evaluate the effectiveness of our approach with a variety of metrics by submitting runs to the TREC Incident Streams (IS) track: a research initiative specifically designed for disaster tweet classification and prioritisation. The results demonstrate that our approach achieves competitive performance in most metrics as compared to other participating runs. Subsequently, we find that an ensemble approach combining disparate transformer encoders within our approach helps to improve the overall effectiveness to a significant extent, achieving state-of-the-art performance in almost every metric. We make the code publicly available so that our work can be reproduced and used as a baseline for the community for future work in this domain1."
acl-2020.acl-srw.39,Ray Chowdhury et al. (2020),2020,Cross-Lingual Disaster-related Multi-label Tweet Classification with Manifold Mixup,Proceedings of the 58th Annual Meeting of the Association for Computational Linguistics: Student Research Workshop,conference,Crisis Informatics & Triage,experimental,Multilingual BERT (M-BERT) with Manifold Mixup,Benchmarks multilingual multi-label disaster tweet classification and verifies model generalization on unseen disasters including Philippine floods.,"Most prior disaster-related tweet classification work handles only English and single-label settings, and there was no large-scale standard multilingual dataset for multi-label disaster tweet classification, despite the need in disaster-prone non-English-speaking regions for real-time classifiers.","The authors aggregate existing CrisisNLP and CrisisLex resources into a large multilingual multi-label dataset under a new annotation scheme, train Multilingual BERT with a class-mask-based loss that exploits partially labeled (binary-only) samples alongside multi-class samples, and further augment the model with Manifold Mixup.","Multilingual BERT fine-tuned with Manifold Mixup outperforms all non-BERT baselines and consistently improves over plain M-BERT, generalizing to unseen disasters and achieving strong zero-shot transfer to unseen languages such as Spanish, French, and Italian.","Aggregated multilingual disaster tweet dataset of over 130K samples built from CrisisNLP resources #1, #4, #5, #7 and CrisisLexT6 and CrisisLexT26, Russia Meteor test set, Cyclone Pam test set, Philippines Flood test set, Mixed disasters test set","Distinguishing informative and actionable messages from a social media platform like Twitter is critical for facilitating disaster management. For this purpose, we compile a multilingual dataset of over 130K samples for multilabel classification of disaster-related tweets. We present a masking-based loss function for partially labeled samples and demonstrate the effectiveness of Manifold Mixup in the text domain. Our main model is based on Multilingual BERT, which we further improve with Manifold Mixup. We show that our model generalizes to unseen disasters in the test set. Furthermore, we analyze the capability of our model for zero-shot generalization to new languages. Our code, dataset, and other resources are available on Github.<sup>1</sup>"
acl-2020.coling-main.414,Sarioglu Kayi et al. (2020),2020,Detecting Urgency Status of Crisis Tweets: A Transfer Learning Approach for Low Resource Languages,Proceedings of the 28th International Conference on Computational Linguistics,conference,Crisis Informatics & Triage,experimental,"Embedding-feature classifiers (MLP, CNN, SVM, RF) with self-training data augmentation and ensemble voting over RoBERTa, LASER, XLM-R, VecMap, and ProcB features",Validates cross-lingual transfer learning with pretrained contextual embeddings to detect urgency in low-resource disaster tweets.,"Crisis response needs urgent social media post detection, but automated language tools and labeled urgency data do not exist for most low-resource languages.",The authors release crisis tweet urgency datasets and evaluate zero-shot cross-lingual transfer from English to Sinhala and Odia using contextual and projection embeddings.,Deep contextual embeddings enable effective crisis urgency detection and zero-shot cross-lingual transfer to low-resource languages even with very small labeled datasets.,"English crisis tweet urgency dataset (1,919 annotations created by the authors on Figure-Eight), Sinhala urgency evaluation dataset (LORELEI IL10, LDC2018E57, 181 natively annotated sentences), Odia urgency evaluation dataset (LORELEI IL11, LDC2019E62, 510 natively annotated sentences), Unlabeled crisis-related tweets from the Imran et al. (2016) disaster tweet collection used for self-training augmentation, English-Sinhala (415,042 sentences) and English-Odia (454,540 sentences) parallel corpora from LDC LORELEI packages used to build projection-based cross-lingual embeddings","We release an urgency dataset that consists of English tweets relating to natural crises. The set is annotated along with annotations of their corresponding urgency status. Additionally, we release evaluation datasets for two low-resource languages, i.e. Sinhala and Odia, and demonstrate an effective zero-shot transfer from English to these two languages by training cross-lingual classifiers. We adopt cross-lingual embeddings constructed using different methods to extract features of the tweets, including a few state-of-the-art contextual embeddings such as BERT, RoBERTa and XLM-R. We train a variety of classifier architectures, supervised and semi supervised, on the extracted features. We also further experiment with ensembling the various classifiers. With very limited amounts of labeled data in English and zero data in the low resource languages, we show a successful framework of training monolingual and cross-lingual classifiers using deep learning methods which are known to be data hungry. Specifically, we show that the recent deep contextual embeddings are also helpful when dealing with very small-scale datasets. Classifiers that incorporate RoBERTa yield the best performance for the English urgency detection task, with 25% F1 score absolute improvement over the baselines. For the zero-shot transfer to low resource languages, classifiers that use LASER features perform the best for Sinhala transfer while XLM-R features benefit the Odia transfer the most."
arxiv-1605.05894,Imran et al. (2016),2016,Twitter as a Lifeline: Human-annotated Twitter Corpora for NLP of Crisis-related Messages,Proceedings of the Tenth International Conference on Language Resources and Evaluation (LREC 2016),conference,Crisis Informatics & Triage,dataset-benchmark,"Naive Bayes, Support Vector Machines, and Random Forest crisis-message classifiers",Establishes the foundational humanitarian taxonomy and crowdsourced annotation methodology for classifying crisis messages during sudden-onset disasters.,"Crisis-informatics researchers cannot fully exploit NLP and machine learning methods for disaster-related Twitter messages because human-annotated data for such short, noisy, informal texts is scarce.","The authors collect over 52 million crisis-related tweets from 19 crises, have volunteers and paid crowdsourced workers annotate around 50,000 of them with UN OCHA-derived information categories and out-of-vocabulary normalizations, and release the corpora, trained classifiers, word2vec embeddings, and lexical resources to the research community.","The released human-annotated corpora are effective for training multiclass message classifiers, with most information categories reaching acceptable AUC levels (at or above 0.80), and the resources can improve NLP for crisis messages and disaster response efforts.","Nepal Earthquake tweets, Terremoto Chile tweets, Chile Earthquake tweets, California Earthquake tweets, Pakistan Earthquake tweets, Cyclone PAM tweets, Typhoon Hagupit tweets, Hurricane Odile tweets, Iceland Volcano tweets, Landslides worldwide tweets (English), Landslides worldwide tweets (French), Landslides worldwide tweets (Spanish), Pakistan Floods tweets, India Floods tweets, Palestine Conflict tweets, Peshawar Attack Pakistan tweets, Middle East Respiratory Syndrome tweets, Ebola virus outbreak tweets, Malaysia Airlines flight MH370 tweets","Microblogging platforms such as Twitter provide active communication channels during mass convergence and emergency events such as earthquakes, typhoons. During the sudden onset of a crisis situation, affected people post useful information on Twitter that can be used for situational awareness and other humanitarian disaster response efforts, if processed timely and effectively. Processing social media information pose multiple challenges such as parsing noisy, brief and informal messages, learning information categories from the incoming stream of messages and classifying them into different classes among others. One of the basic necessities of many of these tasks is the availability of data, in particular human-annotated data. In this paper, we present human-annotated Twitter corpora collected during 19 different crises that took place between 2013 and 2015. To demonstrate the utility of the annotations, we train machine learning classifiers. Moreover, we publish first largest word2vec word embeddings trained on 52 million crisis-related tweets. To deal with tweets language issues, we present human-annotated normalized lexical resources for different lexical variations."
doi-10.12720-jait.16.2.233-242,Adoptante et al. (2025),2025,Benchmarking Open-Source Large Language Models on Code-Switched Tagalog-English Retrieval Augmented Generation,Journal of Advances in Information Technology,journal,Philippine NLP & Code-Switching,experimental,"Five open-source LLMs (Mistral-7B-Instruct-v0.3, SeaLLMs-v3-1.5B-Chat, Falcon-7b-instruct, Phi-3-mini-4k-instruct, Gemma-7b-it) in a LangChain and FAISS RAG pipeline",Establishes performance degradation in open-source language models when processing code-switched Taglish queries relative to standard English.,"It is unclear how well open-source LLMs handle Tagalog-English code-switched queries in retrieval-augmented generation, and code-switching raises the risk of hallucinated answers.","The authors built a RAG question answering pipeline around five open-source LLMs and benchmarked their answers to English, Tagalog, and Taglish questions with overlap metrics and LLM-judged quality metrics.","Mistral and SeaLLM clearly beat Falcon, Phi-3-mini, and Gemma at producing grounded and relevant answers for code-switched queries, while all models performed best on English, next on Taglish, and worst on Tagalog.","Curated corpus of nine .txt and .pdf documents covering news articles, short stories, and academic literature written in English, Tagalog, or Taglish, Manually built evaluation set of 15 question-answer pairs per document, grouped into five questions each in English, Tagalog, and Taglish","Code-switching, the alternation between languages within a sentence or discourse, poses significant challenges in Natural Language Processing (NLP). Effective NLP systems must employ advanced modeling techniques to accurately process and generate code-switched text, capturing the linguistic nuances and contextual dependencies. This study evaluates five open-source Large Language Models (LLMs)—Mistral, SeaLLM, Falcon, Phi-3-mini, and Gemma—on their performance with code-switched Tagalog-English (Taglish) queries in a retrieval-augmented generation (RAG) task. Mistral and SeaLLM outperformed the others in generating contextually grounded and relevant answers, attributed to their advanced architectures and extensive multilingual training data. In contrast, Falcon, Phi-3-mini, and Gemma struggled with effective code-switching handling. The models performed best on English queries, followed by Taglish, with the lowest performance on Tagalog queries, highlighting the need for more balanced training data for low-resource languages. Additionally, models retrieved context better from .pdf documents compared to .txt files. Future research should focus on analyzing language composition in datasets, investigating real-world codeswitching behavior, and studying the effects of code-switching on model understanding to enhance NLP accessibility for underrepresented languages."
arxiv-2509.02160,Africa et al. (2025),2025,Meta-Pretraining for Zero-Shot Cross-Lingual Named Entity Recognition in Low-Resource Philippine Languages,Proceedings of the 5th Workshop on Multilingual Representation Learning (MRL 2025),workshop,Philippine NLP & Code-Switching,experimental,First-order MAML meta-pretrained Pico decoder language models (Pico-MAML),Demonstrates meta-pretraining techniques that enable compact decoder models to perform entity recognition on Philippine languages under strict latency constraints.,"Zero-shot named entity recognition in low-resource languages normally requires finetuning very large multilingual language models, which is impractical when memory or latency is constrained, and standard pretraining fails to adapt to languages with unfamiliar morphosyntactic cues.","The authors propose meta-pretraining small decoder language models by replacing part of the autoregressive pretraining objective with first-order model-agnostic meta-learning (MAML) episodes, so that the initialization transfers zero-shot to unseen low-resource languages without any in-language exposure.","Replacing part of autoregressive pretraining with first-order MAML lets small decoder language models improve zero-shot NER transfer to Tagalog and Cebuano by 2-6 micro-F1 percentage points under head-only tuning and 1-3 points after full tuning, with the largest gains on single-token person entities anchored by Tagalog case particles.","Pico decoder language models (11M, 65M, 181M, 570M parameters), Pico pre-tokenized Dolma pretraining corpus, Paloma perplexity benchmark, Universal NER v1 zero-shot test sets (Tagalog tl_trg, Tagalog tl_ugnayan, Cebuano ceb_gja), Universal NER v1 high-resource finetuning sets (da_ddt, en_ewt, hr_set, pt_bosque, sk_snk, sr_set, sv_talbanken, zh_gsd, zh_gsdsimp), 4x NVIDIA A100-80GB GPUs","Named-entity recognition (NER) in low-resource languages is usually tackled by finetuning very large multilingual LMs, an option that is often infeasible in memory- or latency-constrained settings. We ask whether small decoder LMs can be pretrained so that they adapt quickly and transfer zero-shot to languages unseen during pretraining. To this end we replace part of the autoregressive objective with first-order model-agnostic meta-learning (MAML). Tagalog and Cebuano are typologically similar yet structurally different in their actor/non-actor voice systems, and hence serve as a challenging test-bed. Across four model sizes (11 M – 570 M) MAML lifts zero-shot micro-F1 by 2–6 pp under head-only tuning and 1–3 pp after full tuning, while cutting convergence time by up to 8%. Gains are largest for single-token person entities that co-occur with Tagalog case particles *si*/*ni*, highlighting the importance of surface anchors."
arxiv-2502.14911,Montalan et al. (2025),2025,Batayan: A Filipino NLP benchmark for evaluating Large Language Models,Proceedings of the 63rd Annual Meeting of the Association for Computational Linguistics (ACL 2025),conference,Philippine NLP & Code-Switching,dataset-benchmark,Batayan benchmark,Evaluates model performance across authentic Tagalog and code-switched Taglish text to measure linguistic capabilities without translationese bias.,"Filipino remains under-represented in multilingual benchmarks, while existing corpora suffer from unnatural translationese and narrow task diversity because they rely on machine translations.","The authors create Batayan, an eight-task Filipino benchmark curated and validated by native speakers to evaluate understanding, reasoning, and generation across large language models.","Models with dedicated Filipino instruction tuning achieve superior performance across diverse tasks on Batayan, rivaling and occasionally exceeding larger commercial models.","Batayan (newly created Filipino benchmark with 3,800 test instances), PAWS, Belebele (Tagalog subset), PH election-related tweets dataset (Cabasag et al., 2019), Balanced COPA, XNLI, XL-Sum, FLORES 200","Recent advances in large language models (LLMs) have demonstrated remarkable capabilities on widely benchmarked high-resource languages. However, linguistic nuances of under-resourced languages remain unexplored. We introduce Batayan, a holistic Filipino benchmark that systematically evaluates LLMs across three key natural language processing (NLP) competencies: understanding, reasoning, and generation. Batayan consolidates eight tasks, three of which have not existed prior for Filipino corpora, covering both Tagalog and code-switched Taglish utterances. Our rigorous, native-speaker-driven adaptation and validation processes ensures fluency and authenticity to the complex morphological and syntactic structures of Filipino, alleviating the pervasive translationese bias in existing Filipino corpora. We report empirical results on a variety of open-source and commercial LLMs, highlighting significant performance gaps that signal the under-representation of Filipino in pre-training corpora, the unique hurdles in modeling Filipino’s rich morphology and construction, and the importance of explicit Filipino language support. Moreover, we discuss the practical challenges encountered in dataset construction and propose principled solutions for building culturally and linguistically-faithful resources in under-represented languages. We also provide a public evaluation suite as a clear foundation for iterative, community-driven progress in Filipino NLP."
arxiv-2311.07161,Miranda (2023),2023,Developing a Named Entity Recognition Dataset for Tagalog,Proceedings of the First Workshop for Southeast Asian Language Processing (SEALP 2023),workshop,Philippine NLP & Code-Switching,dataset-benchmark,TLUnified-NER,Introduces the gold-standard TLUnified-NER dataset necessary for training and evaluating location extraction in Philippine emergency texts.,"Tagalog lacks reliable named entity recognition resources because existing datasets contain noisy silver-standard annotations, narrow domain labels, or restricted access.","The author created TLUnified-NER, a publicly available gold-standard dataset of 7.8k news documents annotated across three entity types by native speakers, and provided baseline benchmarks.",TLUnified-NER provides a high-quality gold-standard Tagalog dataset where context-sensitive transformer models achieve over 90 F1 and outperform models trained on noisy silver annotations.,"TLUnified-NER (new gold-standard dataset curated and annotated by the authors), TLUnified pretraining corpus (source of news texts), WikiANN Tagalog portion (reannotated test set used for cross-dataset comparison)","We present the development of a Named Entity Recognition (NER) dataset for Tagalog. This corpus helps fill the resource gap present in Philippine languages today, where NER resources are scarce. The texts were obtained from a pretraining corpora containing news reports, and were labeled by native speakers in an iterative fashion. The resulting dataset contains ∼\sim7.8k documents across three entity types: Person, Organization, and Location. The inter-annotator agreement, as measured by Cohen’s κ\kappa, is 0.81. We also conducted extensive empirical evaluation of state-of-the-art methods across supervised and transfer learning settings. Finally, we released the data and processing code publicly to inspire future work on Tagalog NLP."
arxiv-2311.07171,Miranda (2023),2023,calamanCy: A Tagalog Natural Language Processing Toolkit,NLP-OSS Workshop (EMNLP 2023),workshop,Philippine NLP & Code-Switching,tool-system,"calamanCy multitask pipelines (tl_calamancy_md, lg, trf)",Provides a unified pipeline architecture for simultaneous sequence labeling and syntactic parsing in Tagalog on constrained computational resources.,"Tagalog is a low-resource language whose corpora, treebanks, and language models are scattered, and no unified framework exists for building its NLP pipelines.","The authors built calamanCy, an open-source toolkit on top of spaCy that provides ready-to-use multitask pipelines for POS tagging, dependency parsing, and named entity recognition in Tagalog.","CalamanCy pipelines are competitive on core Tagalog NLP tasks with a smaller compute footprint, and users with low compute budgets can match multilingual language models using the static vector models.","TLUnified pretraining corpus, TLUnified-NER (annotated NER corpus created in this paper), Merged Universal Dependencies treebanks (TRG and Ugnayan), Hatespeech election tweets dataset (10k tweets), Dengue tweets dataset (4k tweets), 64 vCPU machine with 256 GB RAM for pretraining, T4 or V100 GPU for transformer pipelines","We introduce calamanCy, an open-source toolkit for constructing natural language processing (NLP) pipelines for Tagalog. It is built on top of spaCy, enabling easy experimentation and integration with other frameworks. calamanCy addresses the development gap by providing a consistent API for building NLP applications and offering general-purpose multitask models with out-of-the-box support for dependency parsing, parts-of-speech (POS) tagging, and named entity recognition (NER). calamanCy aims to accelerate the progress of Tagalog NLP by consolidating disjointed resources in a unified framework. The calamanCy toolkit is available on GitHub: https://github.com/ljvmiranda921/calamanCy"
arxiv-2305.15425,Petrov et al. (2023),2023,Language Model Tokenizers Introduce Unfairness Between Languages,37th Conference on Neural Information Processing Systems (NeurIPS 2023),conference,Philippine NLP & Code-Switching,experimental,Tokenizer parity (tokenization premium) metric,Demonstrates that subword tokenizers cause excessive sequence fragmentation and latency penalties on non-English text during local inference.,"Language model tokenizers encode the same content into vastly different numbers of tokens depending on the language, so users of some languages face higher costs, longer latency, and less usable context length for identical services.","The authors introduce a tokenizer parity measure (the tokenization premium of equivalent sentences across languages, computed on a parallel corpus) and argue that future language models should be trained from scratch with multilingually fair subword tokenizers built on UTF-8 that cover all Unicode codepoints.","No examined tokenizer, including multilingual and byte-level ones, achieves parity across languages: the ChatGPT/GPT-4 tokenizer needs up to 15 times more tokens for the same content in some languages than in English, multilingual tokenizers vary by up to a factor of 13, and byte-level models differ by more than 4 times, so the authors call for multilingually fair tokenizers.",FLORES-200 parallel corpus,"Recent language models have shown impressive multilingual performance, even when not explicitly trained for it. Despite this, there are concerns about the quality of their outputs across different languages. In this paper, we show how disparity in the treatment of different languages arises at the tokenization stage, well before a model is even invoked. The same text translated into different languages can have drastically different tokenization lengths, with differences up to 15 times in some cases. These disparities persist even for tokenizers that are intentionally trained for multilingual support. Character-level and byte-level models also exhibit over 4 times the difference in the encoding length for some language pairs. This induces unfair treatment for some language communities in regard to the cost of accessing commercial language services, the processing time and latency, as well as the amount of content that can be provided as context to the models. Therefore, we make the case that we should train future language models using multilingually fair subword tokenizers."
arxiv-2212.09660,Winata et al. (2023),2023,The Decades Progress on Code-Switching Research in NLP: A Systematic Survey on Trends and Challenges,Findings of the Association for Computational Linguistics: ACL 2023,conference,Philippine NLP & Code-Switching,survey,N/A,Documents methodological trends in code-switching research while highlighting the scarcity of open benchmarks for underrepresented code-switched languages.,"Code-switching research in NLP has grown rapidly across many languages, tasks, and methods over recent decades, but the field has lacked a comprehensive systematic survey that consolidates this progress and identifies open challenges.","The authors conduct the first large-scale systematic survey by collecting and manually annotating more than 400 code-switching papers from the ACL Anthology and ISCA proceedings, categorizing them by languages, venues, paper types, datasets, methods, and tasks, and analyzing how linguistic theories and machine learning approaches have evolved.","The survey finds that neural methods and pre-trained multilingual models have increasingly dominated code-switching NLP while rule-based and statistical approaches decline, that research is heavily skewed toward a few language pairs such as Spanish-English and Hindi-English, and that more than 60% of code-switching datasets remain private, hindering reproducibility.",N/A,"Code-Switching, a common phenomenon in written text and conversation, has been studied over decades by the natural language processing (NLP) research community. Initially, code-switching is intensively explored by leveraging linguistic theories and, currently, more machine-learning oriented approaches to develop models. We introduce a comprehensive systematic survey on code-switching research in natural language processing to understand the progress of the past decades and conceptualize the challenges and tasks on the code-switching topic. Finally, we summarize the trends and findings and conclude with a discussion for future direction and open questions for further investigation."
arxiv-2111.06053,Cruz and Cheng (2022),2022,Improving Large-scale Language Models and Resources for Filipino,Proceedings of the 13th Conference on Language Resources and Evaluation (LREC 2022),conference,Philippine NLP & Code-Switching,experimental,RoBERTa (Base and Large) pretrained on TLUnified,Provides the foundational TLUnified pretraining corpus and monolingual RoBERTa models that serve as the primary Philippine language model baselines.,"Filipino, a low-resource language, lacks pretraining corpora and pretrained models that are large and topically varied enough to build robust NLP systems.","The authors construct TLUnified, a large and topically varied Filipino pretraining corpus assembled from multiple sources with filtering and deduplication, and use it to pretrain RoBERTa Base and Large models that are finetuned on three Filipino classification benchmarks.",Pretraining RoBERTa on TLUnified yields substantial test accuracy gains of roughly four to five points over prior Filipino pretrained transformers across three classification benchmarks.,"TLUnified (new Filipino pretraining corpus built from OSCAR, NewsPH, and multiple bilingual bitexts), Filipino Hatespeech Dataset, Filipino Dengue Dataset, NewsPH-NLI Medium (regenerated benchmark split), 8x NVIDIA Tesla P100 GPU server","In this paper, we improve on existing language resources for the low-resource Filipino language in two ways. First, we outline the construction of the TLUnified dataset, a large-scale pretraining corpus that serves as an improvement over smaller existing pretraining datasets for the language in terms of scale and topic variety. Second, we pretrain new Transformer language models following the RoBERTa pretraining technique to supplant existing models trained with small corpora. Our new RoBERTa models show significant improvements over existing Filipino models in three benchmark datasets with an average gain of 4.47% test accuracy across the three classification tasks of varying difficulty."
acl-2022.lrec-1.225,Herrera et al. (2022),2022,TweetTaglish: A Dataset for Investigating Tagalog-English Code-Switching,Proceedings of the 13th Conference on Language Resources and Evaluation (LREC 2022),conference,Philippine NLP & Code-Switching,dataset-benchmark,Dictionary-based word-level language identification and regression benchmark models,Contributes a large corpus of Tagalog-English social media posts annotated with language distributions to analyze code-switching behavior.,Tagalog and Tagalog-English code-switched text are underrepresented in NLP because Tagalog data is scarce and standard models struggle with mixed-language inputs.,"The authors create TweetTaglish, a dataset of 21,150 code-switched tweets annotated with language distribution percentages using dictionary lookup and validated through regression experiments.","Benchmarking experiments demonstrate dataset validity, with a multilayer perceptron regression model predicting language distributions and outperforming the mean baseline across English, Tagalog, and Other classes.","TweetTaglish (21,150 Tagalog-English code-switched tweets)","Deploying recent natural language processing innovations to low-resource settings allows for state-of-the-art research findings and applications to be accessed across cultural and linguistic borders. One low-resource setting of increasing interest is _codeswitching_ , the phenomenon of combining, swapping, or alternating the use of two or more languages in continuous dialogue. In this paper, we introduce a large dataset (20k+ instances) to facilitate investigation of Tagalog-English code-switching, which has become a popular mode of discourse in Philippine culture. Tagalog is an Austronesian language and former official language of the Philippines spoken by over 23 million people worldwide, but it and Tagalog-English are under-represented in NLP research and practice. We describe our methods for data collection, as well as our labeling procedures. We analyze our resulting dataset, and finally conclude by providing results from a proof-of-concept regression task to establish dataset validity, achieving a strong performance benchmark (R<sup>2</sup> =0.797–0.909; RMSE=0.068–0.057)."
acl-2020.calcs-1.3,Adouane and Bernardy (2020),2020,When is Multi-task Learning Beneficial for Low-Resource Noisy Code-switched User-generated Algerian Texts?,Proceedings of the LREC 2020 – 4th Workshop on Computational Approaches to Code Switching,workshop,Philippine NLP & Code-Switching,experimental,Multi-task neural network with shared CNN encoders and task-specific decoders,Evaluates multi-task learning across sequence labeling and text classification on noisy code-switched social media text.,"It is unclear whether multi-task learning benefits low-resource NLP, especially given the scarcity of labelled data for noisy user-generated Algerian Arabic.","The authors jointly train four Algerian NLP tasks with shared encoders while testing task combinations, task order, word context, data size, and data augmentation.","Multi-task learning helps low-resource Algerian NLP only in specific configurations where task pairing, task order, and training data size determine performance gains.","Algerian code-switch detection dataset (Adouane and Dobnik, 2017), Algerian spelling normalisation and correction dataset (Adouane et al., 2019), Algerian sentiment analysis dataset (Adouane et al., 2020), New Algerian code-switched NER dataset created by the authors (46,710 comments, 17,133 named entities)","We investigate when is it beneficial to simultaneously learn representations for several tasks, in low-resource settings. For this, we work with noisy user-generated texts in Algerian, a low-resource non-standardised Arabic variety. That is, to mitigate the problem of the data scarcity, we experiment with jointly learning progressively 4 tasks, namely code-switch detection, named entity recognition, spell normalisation and correction, and identifying users’ sentiments. The selection of these tasks is motivated by the lack of labelled data for automatic morpho-syntactic or semantic sequence-tagging tasks for Algerian, in contrast to the case of much multi-task learning for NLP. Our empirical results show that multi-task learning is beneficial for some tasks in particular settings, and that the effect of each task on another, the order of the tasks, and the size of the training data of the task with more data do matter. Moreover, the data augmentation that we performed with no external resources has been shown to be beneficial for certain tasks."
acl-L16-1292,Gambäck and Das (2016),2016,Comparing the Level of Code-Switching in Corpora,Proceedings of the 10th Conference on Language Resources and Evaluation (LREC 2016),conference,Philippine NLP & Code-Switching,methodology-theory,Code-Mixing Index (corpus-level Cc measure),Supplies the corpus-level Code-Mixing Index used to quantify the degree of code-switching across the language profiles of the evaluation data.,"Social media made large code-switched corpora available for research, but existing corpus comparison measures assume monolingual text and cannot compare the level of code-switching between corpora.","The paper extends an earlier utterance-level Code-Mixing Index into a revised utterance measure and a corpus-level complexity score combining matrix language fraction, code alternation points, and switching frequency.",The measure objectively ranks code-switching levels across six corpora and identifies the English-Nepali EMNLP 2014 corpus as the most code-switched with a Cc value of 49.06.,"Dutch-Turkish online chat corpus (DU-TR), English-Hindi Twitter and Facebook chat corpus (EN-HI), EMNLP 2014 shared task English-Spanish corpus (EN-ES), EMNLP 2014 shared task English-Mandarin Chinese corpus (EN-ZH), EMNLP 2014 shared task English-Nepali corpus (EN-NE), EMNLP 2014 shared task Standard Arabic and Egyptian Arabic corpus (ARB-ARZ)","Social media texts are often fairly informal and conversational, and when produced by bilinguals tend to be written in several different languages simultaneously, in the same way as conversational speech. The recent availability of large social media corpora has thus also made large-scale code-switched resources available for research. The paper addresses the issues of evaluation and comparison these new corpora entail, by defining an objective measure of corpus level complexity of code-switched texts. It is also shown how this formal measure can be used in practice, by applying it to several code-switched corpora."
arxiv-2101.08091,Weld et al. (2022),2022,A survey of joint intent detection and slot-filling models in natural language understanding,ACM Computing Surveys,journal,Methodology & Theory,survey,N/A,Provides the canonical natural language processing precedent for jointly modeling token-level entity extraction and sequence-level classification tasks.,"Although joint models for intent detection and slot filling have rapidly proliferated in natural language understanding, the field lacked an up-to-date, systematic synthesis of the approaches pursued, the issues encountered, the datasets used, and the evaluation practices across this line of research.","The authors compile and organise the natural language understanding literature up to mid-2020, reviewing intent detection, slot filling, and the joint task along the dimensions of feature engineering, model architectures, addressed issues, datasets, and evaluation metrics, and summarising reported benchmark performance to expose trends and future directions.","The survey finds that joint intent and slot models have effectively saturated the standard ATIS and SNIPS benchmarks, with intent accuracy above 99% and slot F1 around 98%, so the field should shift toward new, more natural datasets, unannotated or few-shot settings, generalisation to new domains, and standardised experimental setups.","ATIS, SNIPS","Intent classification and slot filling are two critical tasks for natural language understanding. Traditionally the two tasks have been deemed to proceed independently. However, more recently, joint models for intent classification and slot filling have achieved state-of-the-art performance, and have proved that there exists a strong relationship between the two tasks. This article is a compilation of past work in natural language understanding, especially joint intent classification and slot filling. We observe three milestones in this research so far: Intent detection to identify the speaker’s intention, slot filling to label each word token in the speech/text, and finally, joint intent classification and slot filling tasks. In this article, we describe trends, approaches, issues, data sets, evaluation metrics in intent classification and slot filling. We also discuss representative performance values, describe shared tasks, and provide pointers to future work, as given in prior works. To interpret the state-of-the-art trends, we provide multiple tables that describe and summarise past research along different dimensions, including the types of features, base approaches, and dataset domain used."
arxiv-1707.09861,Reimers and Gurevych (2017),2017,Reporting Score Distributions Makes a Difference: Performance Study of LSTM-networks for Sequence Tagging,Proceedings of the 2017 Conference on Empirical Methods in Natural Language Processing,conference,Methodology & Theory,experimental,BiLSTM-CRF sequence tagging architecture,Evaluates models across multiple random seeds to prevent false conclusions caused by score variation and stochastic optimization noise in sequence models.,Comparing single performance scores for neural networks causes false conclusions because different random seeds make models converge to distinct local minima that generalize differently.,The authors propose comparing score distributions across multiple runs with different random seeds and evaluating network design choices across thousands of configurations.,Comparing score distributions prevents false conclusions caused by random seed variations and identifies LSTM configurations that improve performance and stability across sequence tagging tasks.,"Penn Treebank (reduced to 500 training sentences), CoNLL 2000, CoNLL 2003, ACE 2005, TempEval3","In this paper†† This paper is published in the proceedings of EMNLP 2017. we show that reporting a single performance score is insufficient to compare non-deterministic approaches. We demonstrate for common sequence tagging tasks that the seed value for the random number generator can result in statistically significant (p<10−4p<10^{-4}) differences for state-of-the-art systems. For two recent systems for NER, we observe an absolute difference of one percentage point F1F\_{1}-score depending on the selected seed value, making these systems perceived either as state-of-the-art or mediocre. Instead of publishing and reporting single performance scores, we propose to compare score distributions based on multiple executions. Based on the evaluation of 50.000 LSTM-networks for five sequence tagging tasks, we present network architectures that produce both superior performance as well as are more stable with respect to the remaining hyperparameters. The full experimental results are published in [Reimers and Gurevych (2017)](#bib.bib30 """").11 1 [https://arxiv.org/abs/1707.06799](https://arxiv.org/abs/1707.06799 """") The implementation of our network is publicly available.22 2 [https://github.com/UKPLab/emnlp2017-bilstm-cnn-crf](https://github.com/UKPLab/emnlp2017-bilstm-cnn-crf """")"
doi-10.2753-MIS0742-1222240302,Peffers et al. (2007),2007,A Design Science Research Methodology for Information Systems Research,Journal of Management Information Systems,journal,Methodology & Theory,methodology-theory,Design Science Research Methodology (DSRM) process model,Structures the development and offline local deployment of the prototype web application as an operational demonstration artifact.,"Although design science was established as a legitimate information systems research paradigm in the early 1990s, it saw little adoption because the field lacked a commonly accepted methodology and a shared mental model for conducting, presenting, and evaluating such research.","The authors develop the Design Science Research Methodology (DSRM), a nominal six-step process model of problem identification and motivation, definition of solution objectives, design and development, demonstration, evaluation, and communication, together with a mental model for structuring research outputs, and demonstrate it on four published projects.","The DSRM satisfies its three design objectives of consistency with prior literature, provision of a nominal process, and provision of a mental model, and its application to four case studies shows that published design science research in IS fits the methodology, which could aid its acceptance in the discipline.","Case study of the CATCH data warehouse for community health assessment (Berndt et al., Miami-Dade County, Florida), Case study of a software reuse measure developed at MBA Technologies (Rothenberger and Hershauer), Case study of the SIP-based CGUsipClient voice- and video-over-IP application for Internet2 (Chatterjee et al., Claremont Graduate University), Case study of the critical success chains (CSC) IS planning method at Digia Ltd. (Peffers et al.)","The paper motivates, presents, demonstrates in use, and evaluates a methodology for conducting design science (DS) research in information systems (IS). DS is of importance in a discipline oriented to the creation of successful artifacts. Several researchers have pioneered DS research in IS, yet over the past 15 years, little DS research has been done within the discipline. The lack of a methodology to serve as a commonly accepted framework for DS research and of a template for its presentation may have contributed to its slow adoption. The design science research methodology (DSRM) presented here incorporates principles, practices, and procedures required to carry out such research and meets three objectives: it is consistent with prior literature, it provides a nominal process model for doing DS research, and it provides a mental model for presenting and evaluating DS research in IS. The DS process includes six steps: problem identification and motivation, definition of the objectives for a solution, design and development, demonstration, evaluation, and communication. We demonstrate and evaluate the methodology by presenting four case studies in terms of the DSRM, including cases that present the design of a database to support health assessment methods, a software reuse measure, an Internet video telephony application, and an IS planning method. The designed methodology effectively satisfies the three objectives and has the potential to help aid the acceptance of DS research in the IS discipline."
jmlr-v7-demsar06a,Demšar (2006),2006,Statistical Comparisons of Classifiers over Multiple Data Sets,Journal of Machine Learning Research,journal,Methodology & Theory,survey,"Wilcoxon signed-ranks test and Friedman test with post-hoc procedures (Nemenyi, Bonferroni-Dunn, Holm, Hochberg, Hommel)",Adopts non-parametric Friedman and post-hoc testing to compare multi-task optimization algorithms across leave-one-event-out disaster splits without normality assumptions.,"Machine learning studies frequently need to compare several classifiers over multiple data sets, yet no statistically sound, established procedure exists for this task, so researchers rely on ad hoc methods that either lack statistical grounding or misuse statistical tests.","The authors review current practice and, based on theoretical and empirical analysis, recommend simple, safe, and robust non-parametric tests: the Wilcoxon signed-ranks test for comparing two classifiers and the Friedman test with its corresponding post-hoc tests for comparing more classifiers over multiple data sets, with results visualized using newly introduced critical difference (CD) diagrams.","The authors conclude that non-parametric tests, namely the Wilcoxon signed-ranks test for two classifiers and the Friedman test with post-hoc tests for multiple classifiers, are safer and empirically at least as strong as parametric alternatives such as the paired t-test and ANOVA, and should therefore be preferred for comparing classifiers over multiple data sets.","14 UCI data sets with binary class attribute (C4.5 AUC worked examples), 40 real-world data sets with discrete classes from the UCI Machine Learning Repository (empirical comparison of tests), ICML proceedings papers from 1999-2003 (analysis of statistical testing practice)","While methods for comparing two learning algorithms on a single data set have been scrutinized for quite some time already, the issue of statistical tests for comparisons of more algorithms on multiple data sets, which is even more essential to typical machine learning studies, has been all but ignored. This article reviews the current practice and then theoretically and empirically examines several suitable tests. Based on that, we recommend a set of simple, yet safe and robust non-parametric tests for statistical comparisons of classifiers: the Wilcoxon signed ranks test for comparison of two classifiers and the Friedman test with the corresponding post-hoc tests for comparison of more classifiers over multiple data sets. Results of the latter can also be neatly presented with the newly introduced CD (critical difference) diagrams."
arxiv-1106.0245,Baxter (2000),2000,A Model of Inductive Bias Learning,Journal of Artificial Intelligence Research,journal,Methodology & Theory,methodology-theory,"bias learning (learning to learn) model, instantiated as neural-network feature learning trained by gradient descent",Proves that joint hard parameter sharing across related tasks reduces per-task sample complexity when learning representations from a shared environment.,"Standard supervised learning models take the learner's inductive bias (hypothesis space) as given, yet choosing a bias that both contains a solution and generalizes reliably normally depends on hand-crafted expert knowledge, and no formal model explains how such bias could itself be learned.","The authors formalize a bias-learning model in which the learner, embedded in an environment of related tasks governed by a distribution over tasks, samples multiple tasks and selects a hypothesis space from a given family by minimizing average empirical error, with sample-complexity bounds proving when the chosen bias transfers to novel tasks from the same environment.","The paper proves that a hypothesis space performing well on sufficiently many training tasks from an environment will, with high probability, contain good solutions to novel tasks from that environment, and for neural-network feature learning the examples required per task decay as O(k + W/n) toward the minimum O(k) as the number of tasks grows, with at most O(W) tasks needed for the learned features to generalize.",N/A,"A major problem in machine learning is that of inductive bias: how to choose a learner’s hypothesis space so that it is large enough to contain a solution to the problem being learnt, yet small enough to ensure reliable generalization from reasonably-sized training sets. Typically such bias is supplied by hand through the skill and insights of experts. In this paper a model for _automatically learning_ bias is investigated. The central assumption of the model is that the learner is embedded within an _environment_ of related learning tasks. Within such an environment the learner can sample from multiple tasks, and hence it can search for a hypothesis space that contains good solutions to many of the problems in the environment. Under certain restrictions on the set of all hypothesis spaces available to the learner, we show that a hypothesis space that performs well on a sufficiently large number of training tasks will also perform well when learning novel tasks in the same environment. Explicit bounds are also derived demonstrating that learning multiple tasks within an environment of related tasks can potentially give much better generalization than learning a single task."
arxiv-1810.04805,Devlin et al. (2018),2018,BERT: Pre-training of Deep Bidirectional Transformers for Language Understanding,arXiv,preprint,Crisis Informatics & Triage,experimental,BERT (Bidirectional Encoder Representations from Transformers),"Provides the bidirectional encoder architecture that crisis classification systems fine-tune, including shared encoders in multi-task triage models and domain-adaptive crisis language models.","Pre-trained language representations relied on unidirectional language models, and this unidirectionality restricted pre-training architectures and harmed downstream tasks that need context from both directions.","The authors pre-train a bidirectional Transformer using masked language modeling and next sentence prediction objectives, then fine-tune all parameters with one task-specific output layer.",Pre-training a deep bidirectional Transformer with masked language modeling and next sentence prediction achieved new state-of-the-art results on eleven NLP tasks and outperformed task-specific architectures after simple fine-tuning.,"BooksCorpus (800M words), English Wikipedia (2,500M words), GLUE benchmark (MNLI, QQP, QNLI, SST-2, CoLA, STS-B, MRPC, RTE, WNLI), SQuAD v1.1, SQuAD v2.0, TriviaQA (augmentation data for SQuAD v1.1), SWAG, CoNLL-2003 Named Entity Recognition, Cloud TPU","We introduce a new language representation model called BERT, which stands for Bidirectional Encoder Representations from Transformers. Unlike recent language representation models [Peters et al. (2018a)](#bib.bib36 """"); [Radford et al. (2018)](#bib.bib38 """"), BERT is designed to pre-train deep bidirectional representations from unlabeled text by jointly conditioning on both left and right context in all layers. As a result, the pre-trained BERT model can be fine-tuned with just one additional output layer to create state-of-the-art models for a wide range of tasks, such as question answering and language inference, without substantial task-specific architecture modifications.
BERT is conceptually simple and empirically powerful. It obtains new state-of-the-art results on eleven natural language processing tasks, including pushing the GLUE score to 80.5% (7.7% point absolute improvement), MultiNLI accuracy to 86.7% (4.6% absolute improvement), SQuAD v1.1 question answering Test F1 to 93.2 (1.5 point absolute improvement) and SQuAD v2.0 Test F1 to 83.1 (5.1 point absolute improvement)."
arxiv-1910.01108,Sanh et al. (2019),2019,"DistilBERT, a distilled version of BERT: smaller, faster, cheaper and lighter",arXiv,preprint,Crisis Informatics & Triage,experimental,DistilBERT,"Shows that distillation retains most encoder accuracy at lower parameter counts and faster inference, supporting the deployment constraints of operational disaster response.","Growing parameter counts in pre-trained language models inflate computational and memory costs, hindering deployment on edge devices and under constrained operational budgets.","The authors pre-train a smaller general-purpose model, DistilBERT, from a BERT teacher with a triple loss that combines masked language modeling, distillation, and cosine-distance objectives.",Knowledge distillation during pre-training produces a 40% smaller and 60% faster general-purpose model that retains 97% of BERT's language understanding performance and supports on-device use.,"English Wikipedia and Toronto Book Corpus (pre-training corpus), GLUE benchmark, IMDb, SQuAD v1.1, 8 16GB V100 GPUs (pre-training), Intel Xeon E5-2690 v3 CPU (inference timing), iPhone 7 Plus (on-device inference)","As Transfer Learning from large-scale pre-trained models becomes more prevalent in Natural Language Processing (NLP), operating these large models in on-the-edge and/or under constrained computational training or inference budgets remains challenging. In this work, we propose a method to pre-train a smaller general-purpose language representation model, called DistilBERT, which can then be fine-tuned with good performances on a wide range of tasks like its larger counterparts. While most prior work investigated the use of distillation for building task-specific models, we leverage knowledge distillation during the pre-training phase and show that it is possible to reduce the size of a BERT model by 40%, while retaining 97% of its language understanding capabilities and being 60% faster. To leverage the inductive biases learned by larger models during pre-training, we introduce a triple loss combining language modeling, distillation and cosine-distance losses. Our smaller, faster and lighter model is cheaper to pre-train and we demonstrate its capabilities for on-device computations in a proof-of-concept experiment and a comparative on-device study."
arxiv-1911.02116,Conneau et al. (2019),2019,Unsupervised Cross-lingual Representation Learning at Scale,arXiv,preprint,Philippine NLP & Code-Switching,experimental,XLM-RoBERTa (XLM-R),"Establishes the scaled multilingual pretraining baseline for cross-lingual transfer to low-resource languages, including Philippine languages, across classification and entity recognition evaluations.","Multilingual language models pretrain on Wikipedia, which gives limited data, especially for low-resource languages, and the trade-offs of scaling such models to many languages remain poorly understood.","The authors pretrain a large Transformer masked language model named XLM-R on cleaned CommonCrawl data in 100 languages while evaluating capacity, sampling, and vocabulary trade-offs.","XLM-R sets a new state of the art on XNLI, NER, and MLQA, and shows that a single multilingual model can match strong monolingual models without losing per-language performance.","CC-100 (2.5 TB filtered CommonCrawl corpus in 100 languages, created by the authors), Wikipedia corpora (used in ablations and monolingual BERT baselines), XNLI, CoNLL-2002, CoNLL-2003, MLQA, SQuAD (English training set), GLUE, 500 Nvidia V100 GPUs with 32 GB memory","This paper shows that pretraining multilingual language models at scale leads to significant performance gains for a wide range of cross-lingual transfer tasks. We train a Transformer-based masked language model on one hundred languages, using more than two terabytes of filtered CommonCrawl data. Our model, dubbed XLM-R, significantly outperforms multilingual BERT (mBERT) on a variety of cross-lingual benchmarks, including +14.6% average accuracy on XNLI, +13% average F1 score on MLQA, and +2.4% F1 score on NER. XLM-R performs particularly well on low-resource languages, improving 15.7% in XNLI accuracy for Swahili and 11.4% for Urdu over previous XLM models. We also present a detailed empirical analysis of the key factors that are required to achieve these gains, including the trade-offs between (1) positive transfer and capacity dilution and (2) the performance of high and low resource languages at scale. Finally, we show, for the first time, the possibility of multilingual modeling without sacrificing per-language performance; XLM-R is very competitive with strong monolingual models on the GLUE and XNLI benchmarks. We will make our code, data and models publicly available."
arxiv-2010.12821,Chung et al. (2020),2020,Rethinking embedding coupling in pre-trained language models,arXiv,preprint,Philippine NLP & Code-Switching,experimental,Rebalanced mBERT (RemBERT),Shows that decoupling input and output embeddings reallocates parameters toward deeper layers and improves multilingual transfer at identical fine-tuning parameter counts.,"Tying input and output embeddings forces both matrices to share one dimensionality, which pushes multilingual models to spend a large share of their parameter budget on input embeddings.","The authors decouple input and output embedding shapes, shrink input embeddings, enlarge pre-training output embeddings, and reinvest saved parameters into wider or deeper Transformer layers.","Reallocating parameters away from input embeddings improves performance at identical fine-tuning parameter counts, allowing RemBERT to outperform XLM-R on XTREME despite using 3.5 times fewer pre-training tokens.","XTREME benchmark tasks: XNLI, PAWS-X, Wikiann NER, XQuAD, MLQA, TyDiQA-GoldP, Wikipedia dumps in 104 languages for mBERT-scale pre-training, Wikipedia and Common Crawl text in 110 languages for RemBERT pre-training, MNLI, SQuAD, Word embedding association test datasets: MEN, MTurk771, Rare-Word, SimLex999, Verb-143, WMT16 English-German sentence pairs for nearest-neighbor translation, NLP probing tasks from Tenney et al. (2019), Google Cloud TPUs (64 for pre-training, 8 for fine-tuning)","We re-evaluate the standard practice of sharing weights between input and output embeddings in state-of-the-art pre-trained language models. We show that decoupled embeddings provide increased modeling flexibility, allowing us to significantly improve the efficiency of parameter allocation in the input embedding of multilingual models. By reallocating the input embedding parameters in the Transformer layers, we achieve dramatically better performance on standard natural language understanding tasks with the same number of parameters during fine-tuning. We also show that allocating additional capacity to the output embedding provides benefits to the model that persist through the fine-tuning stage even though the output embedding is discarded after pre-training. Our analysis shows that larger output embeddings prevent the model’s last layers from overspecializing to the pre-training task and encourage Transformer representations to be more general and more transferable to other tasks and languages. Harnessing these findings, we are able to train models that achieve strong performance on the xtreme benchmark without increasing the number of parameters at the fine-tuning stage."
arxiv-2103.06874,Clark et al. (2022),2022,Canine: Pre-training an Efficient Tokenization-Free Encoder for Language Representation,Transactions of the Association for Computational Linguistics,journal,Philippine NLP & Code-Switching,experimental,Canine (Canine-C and Canine-S variants),"Removes subword vocabulary requirements through character-level encoding, addressing segmentation brittleness that affects code-switched and low-resource text.",Explicit tokenization with fixed subword vocabularies is brittle across languages and restricts how well pretrained encoders can represent and adapt to diverse text.,"The authors propose Canine, a tokenization-free encoder that embeds raw Unicode characters with hash embeddings and downsamples the sequence with strided convolutions before its deep transformer stack.","A tokenization-free character encoder with downsampling outperforms a comparable mBert on multilingual question answering while using fewer parameters, and with vocabulary-free n-grams it stays competitive on named entity recognition.","TyDi QA (multilingual question answering, 11 languages), CoNLL 2002 and CoNLL 2003 named entity recognition data (Spanish, Dutch, English, German), MasakhaNER (ten African languages), multilingual Wikipedia corpus of mBert (104 languages) for pre-training, 64 Cloud TPUs v3","Pipelined NLP systems have largely been superseded by end-to-end neural modeling, yet nearly all commonly-used models still require an explicit tokenization step. While recent tokenization approaches based on data-derived subword lexicons are less brittle than manually engineered tokenizers, these techniques are not equally suited to all languages, and the use of any fixed vocabulary may limit a model’s ability to adapt. In this paper, we present Canine, a neural encoder that operates directly on character sequences—without explicit tokenization or vocabulary—and a pre-training strategy that operates either directly on characters or optionally uses subwords as a soft inductive bias. To use its finer-grained input effectively and efficiently, Canine combines downsampling, which reduces the input sequence length, with a deep transformer stack, which encodes context. Canine outperforms a comparable mBert model by 5.7 F1 on TyDi QA, a challenging multilingual benchmark, despite having fewer model parameters."
arxiv-2209.07562,Zhang et al. (2023),2023,TwHIN-BERT: A Socially-Enriched Pre-trained Language Model for Multilingual Tweet Representations at Twitter,Proceedings of the 29th ACM SIGKDD Conference on Knowledge Discovery and Data Mining,conference,Crisis Informatics & Triage,experimental,TwHIN-BERT,"Demonstrates that social engagement signals improve multilingual tweet representations, supporting domain-adaptive pretraining for short and noisy social media text in crisis settings.","Most pre-trained language models target general text corpora, so they handle short, noisy user-generated text on social media poorly and ignore the social engagement signals inside social networks.",TwHIN-BERT is a multilingual Twitter language model pre-trained with masked language modeling plus a contrastive social objective built from socially similar Tweet pairs mined through network embedding.,"TwHIN-BERT outperforms established multilingual and Twitter-specific language models on both social engagement prediction and semantic classification tasks, and the social objective produces the largest gains on social tasks.","7 billion Tweets in 100 languages collected from Jan. 2020 to Jun. 2022 for pre-training, with 100 billion user-Tweet engagement records covering 1 billion Tweets, Twitter Heterogeneous Information Network (TwHIN) with about 200 million users, 1 billion Tweets, and over 100 billion engagement edges, Curated Tweet engagement prediction dataset sampled from the 50 most popular languages on Twitter, Curated multilingual Tweet hashtag prediction dataset covering 50 popular languages, SemEval2017 Task 4A English sentiment dataset, SemEval2018 Task 2 emoji prediction datasets in English and Spanish, SemEval2020 Task 9 code-mixed sentiment datasets in Hindi+English and Spanish+English, ASAD Arabic Tweet sentiment dataset, COVID-JA Japanese Tweet topic classification dataset, 16 Nvidia A100 GPUs (a2-megagpu-16g) and a FAISS index on a 16 A100 GPU node for training and pair mining","Pre-trained language models (PLMs) are fundamental for natural language processing applications. Most existing PLMs are not tailored to the noisy user-generated text on social media, and the pre-training does not factor in the valuable social engagement logs available in a social network. We present TwHIN-BERT, a multilingual language model productionized at Twitter, trained on in-domain data from the popular social network. TwHIN-BERT differs from prior pre-trained language models as it is trained with not only text-based self-supervision but also with a social objective based on the rich social engagements within a Twitter heterogeneous information network (TwHIN). Our model is trained on 77 billion tweets covering over 100100 distinct languages, providing a valuable representation to model short, noisy, user-generated text. We evaluate our model on various multilingual social recommendation and semantic understanding tasks and demonstrate significant metric improvement over established pre-trained language models. We open-source TwHIN-BERT and our curated hashtag prediction and social engagement benchmark datasets to the research community1."
arxiv-2301.10472,Liang et al. (2023),2023,XLM-V: Overcoming the Vocabulary Bottleneck in Multilingual Masked Language Models,arXiv,preprint,Philippine NLP & Code-Switching,experimental,XLM-V,Shows that a one-million-token vocabulary overcomes the shared vocabulary bottleneck that reduces token coverage for low-resource languages in multilingual encoders.,"Multilingual language models keep a vocabulary near 250,000 tokens even as parameter counts grow, and this fixed size limits token coverage and representation quality across more than 100 languages.","The authors build a one million token vocabulary by clustering lexically similar languages, allocating vocabulary capacity per cluster, and pretraining a masked language model named XLM-V with this vocabulary.","A one million token vocabulary lets XLM-V outperform XLM-R on every tested multilingual understanding task, with the largest gains on low-resource languages.","CC100, MultiNLI, SQuAD v1.1, XNLI, MLQA, XQuAD, TyDiQA-GoldP, WikiAnn (PAN-X), Americas NLI, MasakhaNER, FLoRes-200, 256 NVIDIA A100 GPUs","Large multilingual language models typically rely on a single vocabulary shared across 100+ languages. As these models have increased in parameter count and depth, vocabulary size has remained largely unchanged. This vocabulary bottleneck limits the representational capabilities of multilingual models like XLM-R. In this paper, we introduce a new approach for scaling to very large multilingual vocabularies by de-emphasizing token sharing between languages with little lexical overlap and assigning vocabulary capacity to achieve sufficient coverage for each individual language. Tokenizations using our vocabulary are typically more semantically meaningful and shorter compared to XLM-R. Leveraging this improved vocabulary, we train XLM-V, a multilingual language model with a one million token vocabulary. XLM-V outperforms XLM-R on every task we tested on ranging from natural language inference (XNLI), question answering (MLQA, XQuAD, TyDiQA), to named entity recognition (WikiAnn). XLM-V is particularly effective on low-resource language tasks and outperforms XLM-R by 11.2% and 5.8% absolute on MasakhaNER and Americas NLI, respectively."
arxiv-2509.06888,Marone et al. (2025),2025,mmBERT: A Modern Multilingual Encoder with Annealed Language Learning,arXiv,preprint,Philippine NLP & Code-Switching,experimental,mmBERT,Demonstrates that modern encoder architecture and annealed language learning extend multilingual pretraining to more than 1700 low-resource languages under a modest compute budget.,"Recent encoder-only language model research has largely ignored multilinguality, so the six-year-old XLM-R model remains the strongest multilingual encoder for classification and retrieval tasks.","The authors pre-train mmBERT, a ModernBERT-style encoder, and progressively add languages while lowering the masking rate, holding over 1700 low-resource languages until the short decay phase.","mmBERT outperforms previous multilingual encoders on classification and retrieval, while decay-phase training on low-resource languages matches or exceeds large models like o3 and Gemini 2.5 Pro.","FineWeb2 (pre-training corpus), FineWeb2-HQ (pre-training corpus), MegaWika v2 (pre-training corpus), Dolma (pre-training corpus), Dolmino (mid-training corpus), GLUE, XTREME, MTEB (MMTEB v2, English and multilingual), CoIR, MS MARCO (embedding fine-tuning), XNLI, PAWS-X, TiQuaD, FoQA, NVIDIA H100 and L40S GPUs","Encoder-only languages models are frequently used for a variety of standard machine learning tasks, including classification and retrieval. However, there has been a lack of recent research for encoder models, especially with respect to multilingual models. We introduce mmBERT, an encoder-only language model pretrained on 3T tokens of multilingual text in over 1800 languages. To build mmBERT we introduce several novel elements, including an inverse mask ratio schedule and an inverse temperature sampling ratio. We add over 1700 low-resource languages to the data mix only during the decay phase, showing that it boosts performance dramatically and maximizes the gains from the relatively small amount of training data. Despite only including these low-resource languages in the short decay phase we achieve similar classification performance to models like OpenAI’s o3 and Google’s Gemini 2.5 Pro. Overall, we show that mmBERT significantly outperforms the previous generation of models on classification and retrieval tasks – on both high and low-resource languages."
hf-aisingapore-sea-lion-modernbert,AI Singapore (2026),2026,SEA-LION-ModernBERT and Embedding,Hugging Face,preprint,Philippine NLP & Code-Switching,tool-system,SEA-LION-ModernBERT (300M and 600M variants),"Defines the regional encoder backbone candidate for Taglish disaster triage, combining Southeast Asian language coverage with efficient ModernBERT architecture and tokenizer fertility gains.",Complex regional scripts and diverse Southeast Asian languages suffer from high tokenization fertility and poor representation in standard encoder models.,The authors combine ModernBERT with a Gemma 3 SentencePiece tokenizer and train encoder models on three trillion tokens across 13 regional languages.,Adopting the Gemma 3 tokenizer with ModernBERT improves tokenization fertility and computational efficiency for cross-lingual tasks across Southeast Asian languages.,"2T pre-training token corpus (code and 13 Southeast Asian and regional languages), 1T mid-training token corpus (code and 13 Southeast Asian and regional languages), 245 million EN-EN and EN-SEA text pairs for contrastive pre-training (600M variant), 8 million multilingual text pairs for fine-tuning (600M variant), SEA-BED (Southeast Asia Embedding Benchmark, 169 datasets across 10 SEA languages), CMTEB (Chinese Massive Text Embedding Benchmark), MTEB (Massive Text Embedding Benchmark), Nvidia H200 140GB GPUs (SMC H200 cloud infrastructure)","SEA-LION is a collection of Large Language Models (LLMs) which have been pretrained and fine-tuned for the Southeast Asia (SEA) region.

This encoder-only model leverages the advanced ModernBERT architecture combined with the Gemma 3 SentencePiece tokenizer. The adoption of the Gemma 3 tokenizer with ModernBERT allows the model to achieve highly efficient and culturally nuanced text processing. This combination significantly improves the tokenization fertility and compression rates for complex regional scripts and diverse Southeast Asian languages, enabling the model to handle longer context windows and cross-lingual tasks with greater computational efficiency.

To achieve this level of performance, the model was developed through a rigorous, multi-stage training pipeline. The foundation was established through extensive pre-training on 2 Trillion (2T) tokens, followed by a mid-training phase on an additional 1 Trillion (1T) tokens. Both of these massive training phases comprehensively covered code alongside 13 specific languages: Burmese, Chinese, English, Filipino, Indonesian, Javanese, Khmer, Lao, Malay, Sundanese, Tamil, Thai, and Vietnamese."
openreview-Bkg6RiCqY7,Loshchilov and Hutter (2019),2019,Decoupled Weight Decay Regularization,International Conference on Learning Representations,conference,Methodology & Theory,methodology-theory,AdamW (Adam with decoupled weight decay),Supplies the AdamW optimizer whose decoupled weight decay underpins the optimizer-controlled comparison conditions of the proposed benchmark.,"L2 regularization and weight decay regularization are equivalent for standard stochastic gradient descent but not for adaptive gradient methods, which confounds regularization comparisons in deep learning.","The authors decouple the weight decay term from the gradient-based optimization step of Adam, producing the AdamW update rule.","Decoupled weight decay improves generalization over L2-regularized Adam, and its optimal value is more independent of the learning rate schedule.","CIFAR-10 image classification with ResNet, WMT English-German machine translation with Transformer models, Language modeling with recurrent and self-attention networks","The authors show that L2 regularization and weight decay regularization are not equivalent for adaptive gradient methods such as Adam, because the adaptive rescaling couples the decay term to the gradient statistics. They propose AdamW, a variant that decouples weight decay from the gradient-based optimization step. Experiments on image classification, language modeling, and machine translation show that decoupled weight decay yields better generalization than L2 regularization and that its optimal value interacts less strongly with the learning rate schedule."
